galaxy,Q,T,D_mpc,e_D_mpc,distance_frac_error,Inc_deg,e_Inc_deg,SBeff_Lsun_pc2,Rdisk_kpc,Vflat_kms,Vmax_kms,n_points,mean_frac_v_error,median_frac_v_error,L36_1e9Lsun,Lbul_1e9Lsun,Mstar_1e9Msun,Mgas_1e9Msun,Mbar_1e9Msun,gas_fraction,mean_residual_dex,median_residual_dex,std_residual_dex,eenv,eenv_err_lo,eenv_err_hi,x0_chae2020,x0_missing_flag,galaxy_raw_chae2020
CamB,2.0,10.0,3.36,0.26,0.07738095238095238,65.0,5.0,7.89,0.47,0.0,20.1,9.0,0.21928397882654505,0.13761467889908258,0.075,0.0,0.0375,0.015960000000000002,0.05346,0.2985409652076319,-0.8665059630514698,-0.849728841658008,0.28346657397588476,0.021,0.003,0.004,-11.736,0,CamB
D512-2,2.0,10.0,15.2,4.56,0.3,56.0,10.0,9.22,1.24,0.0,37.2,4.0,0.11961108962497774,0.11548750997793117,0.325,0.0,0.1625,0.10773,0.27023,0.39866040039965955,-0.1509245015957772,-0.13767589928853496,0.040112252676560656,0.035,0.005,0.006,-11.423,0,D512-2
D564-8,2.0,10.0,8.79,0.28,0.031854379977246876,63.0,7.0,10.11,0.61,0.0,25.0,6.0,0.10121641764149253,0.08700705687007057,0.033,0.0,0.0165,0.03857000000000001,0.05507000000000001,0.7003813328491012,-0.3072429199397814,-0.25565972844316764,0.13686145184123694,0.028,0.004,0.005,-11.987,0,D564-8
D631-7,1.0,10.0,7.72,0.18,0.023316062176165803,59.0,3.0,20.93,0.7,57.7,58.5,16.0,0.06694441258841952,0.05422135920413722,0.196,0.0,0.098,0.3857,0.4837,0.7973950795947901,-0.20563866766795458,-0.13771833860047877,0.25454398136434314,0.023,0.003,0.004,-11.41,0,D631-7
DDO064,1.0,10.0,6.8,2.04,0.3,60.0,5.0,17.41,0.69,46.1,46.9,14.0,0.21271342008592226,0.15969136304489265,0.157,0.0,0.0785,0.28063,0.35913,0.7814162002617436,-0.020352697168196876,-0.05750469198248176,0.15287649945333498,0.029,0.005,0.006,-11.08,0,DDO 064
DDO154,2.0,10.0,4.04,0.2,0.04950495049504951,64.0,3.0,19.99,0.37,47.0,48.2,12.0,0.023160954571728464,0.013512696127650823,0.053,0.0,0.0265,0.3657500000000001,0.3922500000000001,0.9324410452517526,-0.11137049549124696,-0.0639823144025291,0.10306881351630748,0.03,0.005,0.006,-11.526,0,DDO 154
DDO161,1.0,10.0,7.5,2.25,0.3,70.0,10.0,20.74,1.22,66.3,67.5,31.0,0.0729340342365859,0.035479041916167665,0.548,0.0,0.274,1.83274,2.1067400000000003,0.8699412362227896,-0.2974013631575522,-0.2601248013527506,0.08199640829218675,0.031,0.008,0.011,-11.281,0,DDO 161
DDO168,2.0,10.0,4.25,0.21,0.04941176470588235,63.0,6.0,18.23,1.02,53.4,55.0,10.0,0.06283378354318161,0.04280026542800266,0.191,0.0,0.0955,0.54929,0.64479,0.8518897625583522,-0.1639530942295048,-0.11208694543842501,0.14967336462590172,0.028,0.004,0.005,-10.931,0,DDO 168
DDO170,2.0,10.0,15.4,4.62,0.3,66.0,7.0,9.39,1.95,60.0,62.2,8.0,0.032195998667498796,0.019693301049233253,0.543,0.0,0.2715,0.97755,1.24905,0.7826348024498619,-0.2017224771616417,-0.20636009859027382,0.04920099399308117,0.049,0.007,0.008,-11.461,0,DDO 170
ESO079-G014,1.0,4.0,28.7,7.17,0.24982578397212543,79.0,5.0,157.34,5.08,175.0,178.0,15.0,0.08100359947800255,0.05245098039215686,51.733,0.0,25.8665,4.176200000000001,30.0427,0.1390088107926385,0.011454681320373201,0.038999373091925804,0.10144719724730862,0.014,0.002,0.002,-10.517,0,ESO 079-G014
ESO116-G012,1.0,7.0,13.0,3.9,0.3,74.0,3.0,90.54,1.51,109.1,112.0,15.0,0.04607351487347965,0.03697478991596639,4.292,0.0,2.146,1.44039,3.5863899999999997,0.40162670540571443,0.05568049395621972,0.07385275046533124,0.06445094662514278,0.016,0.003,0.003,-10.715,0,ESO 116-G012
ESO444-G084,2.0,10.0,4.83,0.48,0.09937888198757763,32.0,6.0,19.81,0.46,0.0,63.1,7.0,0.07092453198287471,0.08498583569405099,0.071,0.0,0.0355,0.17955000000000002,0.21505000000000002,0.8349221111369449,0.1741647687435291,0.16940741453075425,0.05982539563302592,0.031,0.007,0.009,-11.071,0,ESO 444-G084
ESO563-G021,1.0,4.0,60.8,9.1,0.14967105263157895,83.0,3.0,429.37,5.45,314.6,321.0,30.0,0.054043037357042537,0.030256071303389916,311.177,0.0,155.5885,32.31634,187.90484,0.17198247793936544,0.06143978166194988,0.13497446474529617,0.24928855932405122,0.034,0.012,0.018,-10.059,0,ESO 563-G021
F565-V2,2.0,10.0,51.8,10.4,0.2007722007722008,60.0,10.0,6.93,2.17,0.0,83.1,7.0,0.16622998835101974,0.10218978102189781,0.559,0.0,0.2795,0.92967,1.20917,0.7688497068236889,0.042257712696265264,0.07273544495396322,0.113870726578308,0.012,0.003,0.003,-11.436,0,F565-V2
F568-3,1.0,7.0,82.4,8.24,0.09999999999999999,40.0,10.0,23.81,4.99,0.0,120.0,18.0,0.1541001922876586,0.1004950495049505,8.346,0.0,4.173,4.24935,8.42235,0.5045325829489394,-0.042623225090034765,-0.01302673692822065,0.18002685547453212,0.008,0.002,0.002,-11.252,0,F568-3
F568-V1,1.0,7.0,80.6,8.06,0.10000000000000002,40.0,10.0,31.39,2.85,112.3,118.0,15.0,0.28236720431746976,0.124,3.825,0.0,1.9125,3.3130300000000004,5.225530000000001,0.6340084163711623,0.23211154461656716,0.27589386844611496,0.1349269244948902,0.006,0.003,0.005,-10.954,0,F568-V1
F571-8,1.0,5.0,53.3,10.7,0.20075046904315197,85.0,5.0,825.71,3.56,139.7,144.0,13.0,0.0955082551557189,0.057887120115774245,10.164,0.0,5.082,2.37006,7.4520599999999995,0.31804091754494734,-0.11881862828523801,-0.0009772322747370055,0.3653232392661326,0.005,0.002,0.003,-10.73,0,F571-8
F571-V1,2.0,7.0,80.1,8.0,0.09987515605493134,30.0,10.0,15.3,2.47,83.6,84.3,7.0,0.12545416460949638,0.07792207792207792,1.849,0.0,0.9245,1.61861,2.54311,0.6364687331652976,-0.08012578153415843,-0.07265162289213656,0.07243689812117196,0.009,0.002,0.002,-11.479,0,F571-V1
F574-1,1.0,7.0,96.8,9.68,0.1,65.0,10.0,29.98,4.46,97.8,99.7,14.0,0.07342671475862751,0.0499541232383839,6.537,0.0,3.2685,4.686920000000001,7.95542,0.5891480273825895,0.040415174376043694,0.06473081062653652,0.11736886487341604,0.01,0.001,0.001,-11.066,0,F574-1
F583-1,1.0,9.0,35.4,8.85,0.25,63.0,5.0,11.19,2.36,85.8,86.9,25.0,0.22267863740696078,0.10360360360360361,0.986,0.0,0.493,2.82758,3.32058,0.8515319612838721,0.027437094326746417,0.12196044477373036,0.2295972703785468,0.014,0.002,0.002,-11.337,0,F583-1
F583-4,1.0,5.0,53.3,10.7,0.20075046904315197,55.0,10.0,24.94,1.93,0.0,69.9,12.0,0.1301788437264247,0.08380206749771968,1.715,0.0,0.8575,0.85253,1.7100300000000002,0.4985468091203078,-0.0726019288973984,-0.08495814782069289,0.032173686693979825,0.012,0.002,0.002,-11.358,0,F583-4
IC2574,2.0,9.0,3.91,0.2,0.05115089514066496,75.0,7.0,15.88,2.78,66.4,67.5,34.0,0.07742017105505743,0.06563459959244504,1.016,0.0,0.508,1.3778800000000002,1.8858800000000002,0.7306297325386557,-0.26366015823088906,-0.23492335251505114,0.11307957828855954,0.016,0.001,0.001,-11.722,0,IC 2574
IC4202,1.0,4.0,100.4,10.0,0.099601593625498,90.0,1.0,391.59,4.78,242.6,250.0,32.0,0.035992518593785064,0.025312967224956743,179.749,37.3623,97.34696,16.39358,113.74054,0.14413137127711897,-0.04578100724861073,0.016884787923881817,0.23158830736875,0.026,0.012,0.024,-9.998,0,IC 4202
KK98-251,2.0,10.0,6.8,2.04,0.3,59.0,5.0,7.89,1.34,33.7,34.6,15.0,0.13558141273900712,0.09174311926605504,0.085,0.0,0.0425,0.15295,0.19545,0.7825530826298286,-0.39483759152878084,-0.39848089808787357,0.1253365107631268,0.027,0.002,0.002,-11.423,0,KK98-251
NGC0024,1.0,5.0,7.3,0.36,0.049315068493150684,64.0,3.0,151.65,1.34,106.3,110.0,29.0,0.10917697570744149,0.08925233644859813,3.889,0.0,1.9445,0.8990800000000001,2.84358,0.3161789012442063,0.2167630772903821,0.23654889304489046,0.10390740584572636,0.027,0.004,0.005,-10.096,0,NGC 0024
NGC0055,2.0,9.0,2.11,0.11,0.05213270142180095,77.0,3.0,54.55,6.11,85.6,87.4,21.0,0.0551838612398602,0.0558882235528942,4.628,0.0,2.314,2.0814500000000002,4.39545,0.4735465083211048,-0.19838718564919477,-0.17878363569416678,0.06303698101632584,0.029,0.003,0.004,-11.11,0,NGC 0055
NGC0100,1.0,6.0,13.5,4.05,0.3,89.0,1.0,64.99,1.66,88.1,91.2,21.0,0.13601033388020572,0.07133757961783439,3.232,0.0,1.616,2.6467,4.262700000000001,0.620897553193985,-0.08476540171798266,-0.01699275877480666,0.1754965232158965,0.016,0.001,0.002,-10.989,0,NGC 0100
NGC0247,2.0,7.0,3.7,0.19,0.05135135135135135,74.0,3.0,33.79,3.74,104.9,108.0,26.0,0.05418625062446693,0.052883624205591555,7.332,0.0,3.666,2.32218,5.98818,0.3877939540895564,-0.016892388914617647,-0.0410302767803179,0.05584966255198288,0.015,0.003,0.003,-10.915,0,NGC 0247
NGC0289,2.0,4.0,20.8,5.2,0.25,46.0,5.0,1587.93,6.74,163.0,194.0,28.0,0.06666930633806835,0.04080653230417382,72.065,0.0,36.0325,36.533770000000004,72.56627,0.5034538774006161,-0.08096373507342466,-0.09047010600840899,0.08020765312488291,0.006,0.001,0.001,-11.225,0,NGC 0289
NGC0300,2.0,7.0,2.08,0.1,0.04807692307692308,42.0,10.0,147.51,1.75,93.3,97.0,25.0,0.07954852328531042,0.07790821771611525,2.922,0.0,1.461,1.2448800000000002,2.7058800000000005,0.46006474788238944,0.035371221309008403,0.04016221665780506,0.05627066713642274,0.026,0.005,0.006,-11.083,0,NGC 0300
NGC0801,1.0,5.0,80.7,8.07,0.1,80.0,1.0,818.14,8.72,220.1,238.0,13.0,0.026847503366129864,0.026050420168067228,312.57,0.0,156.285,30.85733,187.14233,0.1648869606357899,-0.08215564327529716,-0.11234523793222273,0.10978245184331088,0.035,0.008,0.01,-10.204,0,NGC 0801
NGC0891,1.0,3.0,9.91,0.5,0.050454086781029264,90.0,1.0,1617.45,2.55,216.1,234.0,18.0,0.020752319649189152,0.01611587389380531,138.34,18.8773,72.94546,5.93446,78.87992,0.07523410267150372,-0.08315626405330828,-0.058342241690879426,0.07175486974185205,0.027,0.003,0.003,-10.025,0,NGC 0891
NGC1003,1.0,6.0,11.4,3.42,0.3,67.0,5.0,140.87,1.61,109.8,115.0,36.0,0.032181329352549956,0.02577394620305068,6.82,0.0,3.41,7.8204,11.2304,0.6963598803248326,-0.0552617461431772,-0.05152881687226962,0.06068902079839121,0.017,0.003,0.003,-11.25,0,NGC 1003
NGC1090,1.0,4.0,37.0,9.25,0.25,64.0,3.0,283.68,3.53,164.4,176.0,24.0,0.04942847096010331,0.024287969515514426,72.045,0.0,36.0225,11.68139,47.70389,0.24487290239852558,-0.11040489831410705,-0.0968510175991284,0.1317211624465594,0.023,0.004,0.005,-10.626,0,NGC 1090
NGC2403,1.0,6.0,3.16,0.16,0.05063291139240506,63.0,3.0,341.06,1.39,131.2,136.0,73.0,0.02374882364458923,0.02015748031496063,10.041,0.0,5.0205,4.25467,9.27517,0.4587161205670624,0.035059810634153345,0.04645402916255392,0.036846680995984524,0.014,0.002,0.002,-10.435,0,NGC 2403
NGC2683,2.0,3.0,9.81,0.49,0.04994903160040774,80.0,5.0,1139.8,2.18,154.0,212.0,11.0,0.05277185600418322,0.05917159763313609,80.415,5.3862,41.28474,1.86998,43.15472,0.043331992421686436,-0.038830953503835565,-0.056356360415451334,0.06550222436759887,0.023,0.003,0.004,-10.612,0,NGC 2683
NGC2841,1.0,3.0,14.1,1.4,0.09929078014184396,76.0,10.0,983.63,3.64,284.8,323.0,50.0,0.025043353144808083,0.01968701606658924,188.121,46.0617,103.27284,13.000750000000002,116.27359,0.11181171923908088,0.17277608422337848,0.17569496475595514,0.026338004090889256,0.014,0.002,0.002,-9.797,0,NGC 2841
NGC2903,1.0,4.0,6.6,1.98,0.3,66.0,3.0,632.16,2.33,184.6,216.0,34.0,0.028731150990142926,0.01671425910981439,81.863,0.0,40.9315,3.3941600000000003,44.32566,0.07657325350598278,-0.06146640873346708,0.006912245560204866,0.21247124045828142,0.022,0.004,0.005,-10.616,0,NGC 2903
NGC2915,2.0,11.0,4.06,0.2,0.049261083743842374,56.0,4.0,347.4,0.55,83.5,86.5,30.0,0.13991828080310795,0.09578776887137462,0.641,0.0,0.3205,0.67564,0.99614,0.6782580761740318,0.15767214453217726,0.2144037790508575,0.278293739432762,0.028,0.007,0.01,-11.531,0,NGC 2915
NGC2955,1.0,3.0,97.9,9.8,0.10010214504596528,56.0,7.0,974.61,18.76,0.0,276.0,24.0,0.034294808497976025,0.033064699792960665,319.422,71.0188,173.91476,38.50217000000001,212.41693,0.1812575391236471,-0.043363664993150586,-0.046997189091444014,0.058540644172301266,0.017,0.002,0.002,-9.783,0,NGC 2955
NGC2976,2.0,5.0,3.58,0.18,0.05027932960893854,61.0,10.0,308.2,1.01,85.4,88.7,27.0,0.10994912388652836,0.06225680933852141,3.371,0.0,1.6855,0.22876,1.91426,0.1195030978028063,-0.136622827956378,-0.07628554890727912,0.16682570708344038,0.017,0.002,0.002,-10.365,0,NGC 2976
NGC2998,1.0,5.0,68.1,10.2,0.14977973568281938,58.0,2.0,479.55,6.2,209.9,214.0,13.0,0.058855841071743714,0.02358490566037736,150.902,0.0,75.451,31.18983,106.64083,0.29247549929984606,0.10803636002579377,-0.00606161468937394,0.2276750331268434,0.005,0.001,0.002,-10.488,0,NGC 2998
NGC3109,1.0,9.0,1.33,0.07,0.052631578947368425,70.0,5.0,11.4,1.56,66.2,67.3,25.0,0.07170834215166881,0.060329067641681895,0.194,0.0,0.097,0.63441,0.73141,0.8673794451812253,0.004440246657740161,0.05402546656987717,0.12172436726082961,0.021,0.004,0.006,-11.513,0,NGC 3109
NGC3198,1.0,5.0,13.8,1.4,0.10144927536231883,73.0,3.0,178.99,3.14,150.1,157.0,43.0,0.08506980117638524,0.01761194029850746,38.279,0.0,19.1395,14.455770000000001,33.59527,0.430291823819246,-0.06934093862170876,-0.02176346144408292,0.1272249335190795,0.026,0.004,0.005,-10.613,0,NGC 3198
NGC3521,1.0,4.0,7.7,2.3,0.2987012987012987,75.0,5.0,2232.7,2.4,213.7,220.0,41.0,0.06621023565054086,0.05095238095238095,84.836,0.0,42.418,5.52482,47.94282,0.1152376935691309,0.016035268528712406,0.007353545462381206,0.028043003227532816,0.025,0.004,0.004,-9.407,0,NGC 3521
NGC3726,2.0,5.0,18.0,2.5,0.1388888888888889,53.0,2.0,198.08,3.4,168.0,169.0,12.0,0.04553890288338874,0.033506140765233824,70.234,0.0,35.117,8.60909,43.72609,0.19688680144966084,-0.12887686591797362,-0.13294779065260443,0.06010436798030122,0.031,0.004,0.005,-10.485,0,NGC 3726
NGC3741,1.0,10.0,3.21,0.17,0.052959501557632405,70.0,4.0,42.94,0.2,50.1,51.6,21.0,0.07180658035532266,0.06279069767441861,0.028,0.0,0.014,0.24206,0.25606,0.9453253143794422,-0.008825909200470454,0.04058608148380749,0.0896609517498974,0.027,0.003,0.003,-11.765,0,NGC 3741
NGC3769,2.0,3.0,18.0,2.5,0.1388888888888889,70.0,2.0,626.37,3.38,118.6,126.0,12.0,0.06841426732328278,0.06131665299425759,18.679,0.0,9.3395,7.35357,16.69307,0.4405163340236398,-0.10441981710605812,-0.09981816568226787,0.04907110151656659,0.026,0.004,0.004,-10.927,0,NGC 3769
NGC3877,2.0,5.0,18.0,2.5,0.1388888888888889,76.0,1.0,598.18,2.53,168.4,171.0,13.0,0.05915704804643312,0.033529411764705884,72.535,0.0,36.2675,1.9723900000000003,38.239889999999995,0.051579384773334874,-0.10350766290171552,-0.09835816366366679,0.20523507792171536,0.026,0.006,0.008,-10.082,0,NGC 3877
NGC3893,1.0,5.0,18.0,2.5,0.1388888888888889,49.0,2.0,1573.37,2.38,174.0,194.0,10.0,0.04794921118766967,0.0422675026123302,58.525,0.0,29.2625,7.712670000000001,36.97517,0.2085905216933418,0.006436152625991731,0.016455965159551944,0.035605187019080296,0.02,0.005,0.007,-10.297,0,NGC 3893
NGC3917,1.0,6.0,18.0,2.5,0.1388888888888889,79.0,2.0,112.94,2.63,135.9,138.0,17.0,0.04508750989924706,0.03170731707317073,21.966,0.0,10.983,2.51104,13.49404,0.18608511609569853,-0.021498200694225974,-0.00012901390534025836,0.12837138061522937,0.027,0.004,0.005,-10.601,0,NGC 3917
NGC3949,2.0,4.0,18.0,2.5,0.1388888888888889,55.0,2.0,1058.84,3.59,163.0,169.0,7.0,0.06269984554548612,0.044715447154471545,38.067,0.0,19.0335,4.48343,23.516930000000002,0.19064690841874343,-0.04015535327692658,-0.0476204001441527,0.037346305230441426,0.015,0.006,0.009,-9.859,0,NGC 3949
NGC3953,1.0,4.0,18.0,2.5,0.1388888888888889,62.0,1.0,587.26,4.89,220.8,224.0,8.0,0.031429879569262964,0.027354260089686097,141.301,0.0,70.6505,3.76656,74.41705999999999,0.050614200561000404,0.004162683826222535,-0.003680583166253193,0.046910323989059324,0.025,0.005,0.006,-9.95,0,NGC 3953
NGC3972,1.0,4.0,18.0,2.5,0.1388888888888889,77.0,1.0,164.75,2.18,132.7,134.0,10.0,0.05465494825642744,0.04276119402985075,14.353,0.0,7.1765,1.61462,8.79112,0.18366488001528816,0.02063010769780398,0.05648826705869414,0.08702342565341735,0.035,0.005,0.006,-10.494,0,NGC 3972
NGC3992,1.0,4.0,23.7,2.3,0.0970464135021097,56.0,2.0,360.44,4.96,241.0,272.0,9.0,0.02551150461050898,0.024999999999999998,226.932,0.0,113.466,22.07667,135.54267,0.1628761629086988,0.05115424996693897,0.0462222897061757,0.05319511555030888,0.029,0.005,0.007,-10.447,0,NGC 3992
NGC4010,2.0,7.0,18.0,2.5,0.1388888888888889,89.0,1.0,14.75,2.81,125.8,129.0,12.0,0.06614011029907609,0.04957775919732441,17.193,0.0,8.5965,3.76656,12.36306,0.3046624379401216,-0.08357371284701258,-0.05207457312965236,0.09043947154342857,0.025,0.005,0.006,-10.623,0,NGC 4010
NGC4013,2.0,3.0,18.0,2.5,0.1388888888888889,89.0,1.0,746.16,3.53,172.9,198.0,36.0,0.032044903037434645,0.029586834733893556,79.094,15.3853,42.62406,3.9461100000000005,46.57017,0.08473471322952011,-0.05087942094016837,-0.047271151133891465,0.03957945468580921,0.027,0.004,0.005,-10.686,0,NGC 4013
NGC4051,2.0,4.0,18.0,2.5,0.1388888888888889,49.0,3.0,319.76,4.65,157.0,161.0,7.0,0.06074397159667597,0.05,95.268,0.0,47.634,3.5870100000000003,51.22101,0.07003005212119012,-0.11668918019126526,-0.10023383722147017,0.055063840143589025,0.023,0.005,0.007,-10.191,0,NGC 4051
NGC4068,2.0,10.0,4.37,0.22,0.05034324942791762,44.0,6.0,30.26,0.59,0.0,41.9,6.0,0.22891446877715757,0.11375232033943251,0.236,0.0,0.118,0.20482,0.32282,0.6344712223530141,-0.42385219556313175,-0.33025984808160214,0.24796724198527778,0.027,0.006,0.007,-11.173,0,NGC 4068
NGC4085,2.0,5.0,18.0,2.5,0.1388888888888889,82.0,2.0,856.7,1.65,131.5,136.0,7.0,0.06667236625085318,0.054411764705882354,21.724,0.0,10.862,1.79417,12.65617,0.1417624763257763,-0.18403867570622395,-0.10682012571500366,0.1836137419145294,0.024,0.003,0.004,-10.142,0,NGC 4085
NGC4088,1.0,4.0,18.0,2.5,0.1388888888888889,69.0,2.0,457.96,2.58,171.7,182.0,12.0,0.05051391642454811,0.040605704204645696,107.286,0.0,53.643,10.940580000000002,64.58358,0.1694018820263603,-0.1908246648462734,-0.2003292182455505,0.040368389431478476,0.031,0.004,0.005,-10.303,0,NGC 4088
NGC4100,1.0,4.0,18.0,2.5,0.1388888888888889,73.0,2.0,388.0,2.15,158.2,195.0,24.0,0.03715006875135726,0.03496974559556046,59.394,0.0,29.697,4.12566,33.82266,0.12197917017762648,0.024616029438000824,0.024160604517408757,0.052023552961773065,0.023,0.004,0.005,-10.442,0,NGC 4100
NGC4138,2.0,0.0,18.0,2.5,0.1388888888888889,53.0,3.0,1909.11,1.51,147.3,195.0,7.0,0.08929141089560155,0.08212290502793296,44.111,8.4683,23.749159999999996,1.9723900000000003,25.721549999999997,0.07668239277959533,-0.01177233792815662,-0.025744340209218564,0.054183776404979796,0.041,0.009,0.012,-10.02,0,NGC 4138
NGC4157,1.0,3.0,18.0,2.5,0.1388888888888889,82.0,3.0,848.85,2.32,184.7,201.0,17.0,0.049730830486905596,0.036464088397790057,105.62,2.0135,53.212700000000005,10.940580000000002,64.15328000000001,0.17053812369375349,-0.09877448334500831,-0.10591973046259895,0.04607075259584583,0.039,0.007,0.008,-10.51,0,NGC 4157
NGC4183,1.0,6.0,18.0,2.5,0.1388888888888889,82.0,2.0,86.46,2.79,110.6,115.0,23.0,0.06220961801522411,0.05048543689320389,10.838,0.0,5.419,4.66298,10.08198,0.46250637275614515,-0.037969285712758934,-0.07608217201940626,0.07360493196663648,0.025,0.004,0.005,-10.877,0,NGC 4183
NGC4217,1.0,3.0,18.0,2.5,0.1388888888888889,86.0,2.0,483.98,2.94,181.3,191.0,19.0,0.048365059009791815,0.03682795698924731,85.299,68.306,56.3107,3.40746,59.71816,0.05705902526132754,-0.23274255324874918,-0.12937126479384453,0.21264955729951776,0.027,0.005,0.006,-10.173,0,NGC 4217
NGC4559,1.0,6.0,9.0,2.7,0.30000000000000004,67.0,1.0,211.27,2.1,121.2,124.0,32.0,0.05573576127579225,0.046437882147416516,19.377,0.0,9.6885,7.728630000000001,17.41713,0.4437372862233905,-0.1325322923904081,-0.13046573936852557,0.027557178539462355,0.031,0.005,0.006,-10.832,0,NGC 4559
NGC5005,1.0,4.0,16.9,1.5,0.08875739644970415,68.0,2.0,1789.91,9.45,262.2,265.0,18.0,0.08475236043735991,0.08412164093767868,178.72,20.7589,93.51177999999999,1.7024000000000001,95.21417999999998,0.017879689768897873,-0.01632404562295806,-0.0061047535846654455,0.03592587995759359,0.028,0.004,0.005,-9.452,0,NGC 5005
NGC5033,1.0,5.0,15.7,4.7,0.2993630573248408,66.0,1.0,2036.24,5.16,194.2,225.0,22.0,0.02169658120259179,0.015309709167599656,110.509,25.1581,60.28612,15.04762,75.33373999999999,0.19974608986624057,-0.00528761889623725,0.010285116408254247,0.05677087550082096,0.026,0.004,0.005,-10.737,0,NGC 5033
NGC5055,1.0,4.0,9.9,0.3,0.0303030303030303,55.0,6.0,1383.02,3.2,179.0,206.0,28.0,0.019962033112936393,0.012260574620909816,152.922,0.0,76.461,15.59026,92.05126,0.16936498207629097,-0.11882523155211981,-0.11742270534921584,0.020383475466013202,0.028,0.005,0.006,-10.536,0,NGC 5055
NGC5371,1.0,4.0,39.7,9.92,0.2498740554156171,53.0,2.0,560.83,7.44,209.5,242.0,19.0,0.01875758222382103,0.014492753623188406,340.393,0.0,170.1965,14.8694,185.0659,0.08034651440378807,-0.09949442015556692,-0.1615282193333929,0.12711356489010922,0.03,0.003,0.004,-9.751,0,NGC 5371
NGC5585,1.0,7.0,7.06,2.12,0.3002832861189802,51.0,2.0,90.54,1.53,90.3,92.3,24.0,0.04373768899729371,0.031868407304397196,2.943,0.0,1.4715,2.2383900000000003,3.7098900000000006,0.6033575119477936,-0.11228719505484386,-0.05677685674341948,0.1107344613400261,0.024,0.004,0.005,-10.826,0,NGC 5585
NGC5907,1.0,5.0,17.3,0.9,0.05202312138728324,88.0,2.0,449.6,5.34,215.0,235.0,19.0,0.016172375164156472,0.013888888888888888,175.425,0.0,87.7125,27.96325,115.67575000000001,0.2417382208457693,-0.01080402052151803,-0.041843547870158204,0.08123943432740119,0.032,0.006,0.007,-10.578,0,NGC 5907
NGC5985,1.0,3.0,39.7,9.9,0.24937027707808562,60.0,2.0,288.95,7.01,293.6,305.0,33.0,0.021417512240010865,0.020564516129032255,208.728,10.1541,106.39482000000001,15.40938,121.80420000000001,0.12650943070928589,0.24368590572166943,0.19942786761694897,0.08993888212398775,0.03,0.003,0.004,-10.293,0,NGC 5985
NGC6015,2.0,6.0,17.0,5.1,0.3,60.0,2.0,331.76,2.3,154.1,166.0,44.0,0.028329825113164456,0.023378256963162623,32.129,0.0,16.0645,7.75922,23.823719999999998,0.3256930487765975,0.04752077292617527,0.028417054535399444,0.07216005197157585,0.032,0.006,0.007,-10.153,0,NGC 6015
NGC6195,1.0,3.0,127.8,12.8,0.10015649452269171,62.0,5.0,686.8,13.94,251.7,258.0,23.0,0.030370466286529976,0.025951417004048582,391.076,104.582,216.45440000000002,27.80631,244.26071000000002,0.11383865215162929,-0.103000503929344,-0.11464704829692174,0.042910968658462376,0.025,0.004,0.004,-9.935,0,NGC 6195
NGC6503,1.0,6.0,6.26,0.31,0.04952076677316294,74.0,2.0,774.16,2.16,116.3,121.0,31.0,0.021945962650033197,0.017241379310344827,12.845,0.0,6.4225,2.3195200000000002,8.74202,0.26532998094261967,-0.003721094865251324,0.00022749193818150104,0.037972673643352335,0.029,0.003,0.003,-11.156,0,NGC 6503
NGC6674,1.0,3.0,51.2,10.2,0.19921874999999997,54.0,6.0,560.83,6.04,241.3,291.0,15.0,0.03684032381876401,0.00851063829787234,214.654,17.2096,110.76892,42.779450000000004,153.54837,0.278605692785928,0.06474715666044221,0.04203127546837493,0.06806212234635442,0.03,0.005,0.007,-10.613,0,NGC 6674
NGC6789,2.0,11.0,3.52,0.18,0.05113636363636363,43.0,7.0,59.27,0.31,0.0,60.4,4.0,0.1626965608391372,0.1433664090013068,0.1,0.0,0.05,0.02261,0.07261000000000001,0.3113896157554056,0.2930823377914229,0.2654755093166452,0.1585336968613083,0.034,0.005,0.005,-10.543,0,NGC 6789
NGC6946,1.0,6.0,5.52,1.66,0.3007246376811594,38.0,2.0,571.26,2.44,158.9,181.0,58.0,0.039201459611792534,0.029548819789216967,66.173,4.102,33.9069,7.5411,41.448,0.18194122756224668,-0.0794560310731901,-0.07645212303354132,0.02925946007531574,0.086,0.028,0.042,-10.232,0,NGC 6946
NGC7331,1.0,3.0,14.7,1.5,0.10204081632653061,75.0,2.0,2470.76,5.02,239.0,257.0,36.0,0.021373581746286563,0.019455252918287938,250.631,11.5982,127.63514,14.71911,142.35425,0.10339775595038433,-0.07996843868498438,-0.07755234320496118,0.03460539224130673,0.109,0.032,0.045,-10.246,0,NGC 7331
NGC7793,1.0,7.0,3.61,0.18,0.04986149584487535,47.0,9.0,233.79,1.21,0.0,116.0,46.0,0.13150058386212185,0.08934255649676115,7.05,0.0,3.525,1.14513,4.67013,0.2452030243269459,-0.04299391711419705,-0.01714518489773642,0.15893383830940203,0.077,0.033,0.059,-10.476,0,NGC 7793
NGC7814,1.0,2.0,14.4,0.66,0.04583333333333334,90.0,1.0,2709.13,2.54,218.9,265.0,18.0,0.024274655697471982,0.022484013772749632,74.529,50.402,47.344899999999996,1.4231000000000003,48.767999999999994,0.02918102034120736,0.061572175314279304,0.08424626520917222,0.05864550301618602,0.058,0.021,0.033,-10.119,0,NGC 7814
UGC00128,1.0,8.0,64.5,9.7,0.1503875968992248,57.0,10.0,20.36,5.95,129.3,134.0,22.0,0.04082367286784212,0.010437445319335083,12.02,0.0,6.01,9.883230000000001,15.89323,0.621851568246354,-0.00914206287797152,-0.04956840052051792,0.09764967019445162,0.03,0.003,0.004,-11.228,0,UGC 00128
UGC00191,1.0,9.0,17.1,5.1,0.29824561403508765,45.0,5.0,50.21,1.58,0.0,83.85,9.0,0.0426640921133336,0.04427645788336933,2.004,0.0,1.002,1.7861900000000002,2.78819,0.6406270734777759,0.030941635809539077,0.011522069397708279,0.10238439127472677,0.028,0.004,0.004,-10.736,0,UGC 00191
UGC00634,2.0,9.0,30.9,7.7,0.24919093851132687,37.0,8.0,26.11,2.45,0.0,108.0,4.0,0.02673249889792476,0.019132560519863846,2.989,0.0,1.4945,4.87179,6.366289999999999,0.7652478916291907,-0.00263966079140987,0.0057733089189513365,0.030031472993938973,0.012,0.002,0.002,-11.252,0,UGC 00634
UGC00731,1.0,10.0,12.5,3.75,0.3,57.0,3.0,25.63,2.3,73.3,74.0,12.0,0.047781367876996245,0.04495509569439402,0.323,0.0,0.1615,2.40331,2.56481,0.9370323727683532,0.07957948308246914,0.07512201814306785,0.2077643492419372,0.024,0.003,0.004,-11.329,0,UGC 00731
UGC00891,2.0,9.0,10.2,3.1,0.303921568627451,60.0,5.0,19.09,1.43,0.0,63.75,5.0,0.03746397410278114,0.014901960784313726,0.374,0.0,0.187,0.56924,0.75624,0.7527240029620226,-0.1386703106145159,-0.10987330054686772,0.13159028492271582,0.066,0.009,0.01,-11.289,0,UGC 00891
UGC01281,1.0,8.0,5.27,0.24,0.04554079696394687,90.0,1.0,13.83,1.63,55.2,56.9,23.0,0.17450166630005004,0.14948805460750852,0.353,0.0,0.1765,0.39102,0.56752,0.6889977445728784,-0.07636561143196428,-0.044645409835192496,0.10745166936558617,0.027,0.004,0.005,-11.381,0,UGC 01281
UGC02259,2.0,8.0,10.5,3.1,0.29523809523809524,41.0,3.0,47.08,1.62,86.2,90.0,8.0,0.029280920240951663,0.022317462856854167,1.725,0.0,0.8625,0.65702,1.51952,0.4323865431188797,0.16938971579290496,0.12037443596004671,0.11740684770805156,0.011,0.002,0.002,-10.967,0,UGC 02259
UGC02487,1.0,0.0,69.1,10.4,0.15050651230101303,36.0,5.0,818.14,7.89,332.0,383.0,17.0,0.01951867781871284,0.01098901098901099,489.955,106.2097,266.21943999999996,23.890790000000003,290.11022999999994,0.08235073268529693,0.16277948356438698,0.15564246409945426,0.03495125082015417,0.024,0.003,0.004,-10.562,0,UGC 02487
UGC02885,1.0,5.0,80.6,8.06,0.10000000000000002,64.0,4.0,421.53,11.4,289.5,305.0,19.0,0.03506362965051915,0.03484320557491289,403.525,48.6748,211.49746,53.29975000000001,264.79721,0.2012851645982222,0.027423361344272854,0.015261784783607624,0.047902794597595943,0.023,0.003,0.003,-10.646,0,UGC 02885
UGC02916,2.0,2.0,65.4,9.8,0.14984709480122324,50.0,5.0,2425.66,6.15,182.7,218.0,43.0,0.04045109745123327,0.024251207729468597,124.153,71.6319,76.40288000000001,30.95309,107.35597000000001,0.2883220187941108,-0.062183233078573784,-0.05560975823502723,0.10945547518485589,0.015,0.002,0.002,-9.938,0,UGC 02916
UGC02953,2.0,2.0,16.5,4.95,0.3,50.0,4.0,1544.65,3.55,264.9,319.0,115.0,0.026628127939977004,0.017870722433460075,259.518,30.1421,135.78742,10.21174,145.99916,0.06994382707407358,0.07677406764518754,0.08104992522202714,0.11217838601119384,0.021,0.003,0.004,-9.497,0,UGC 02953
UGC03205,1.0,2.0,50.0,10.0,0.2,67.0,4.0,587.26,3.19,219.6,237.0,48.0,0.039212131251379685,0.030856064657990137,113.642,17.3472,60.29044,12.87041,73.16085,0.17591936124306923,0.06884414024459133,0.03736021934692335,0.06701924226104047,0.013,0.002,0.002,-9.813,0,UGC 03205
UGC03546,1.0,1.0,28.7,7.2,0.2508710801393728,55.0,5.0,2403.42,3.79,196.9,262.0,30.0,0.06837676756740188,0.054174310056663,101.336,27.3457,56.137139999999995,3.55775,59.694889999999994,0.059598903691756536,-0.08130170206841308,-0.07411100301966567,0.060832297918973585,0.035,0.004,0.004,-10.141,0,UGC 03546
UGC03580,2.0,1.0,20.7,5.2,0.25120772946859904,63.0,4.0,614.94,2.43,126.2,131.0,47.0,0.06772803816502526,0.03967789165446559,13.266,3.237,7.2804,5.8121,13.092500000000001,0.44392591178155427,-0.19595574031807378,-0.18203377887015826,0.15187816309887395,0.025,0.005,0.006,-10.262,0,UGC 03580
UGC04278,1.0,7.0,9.51,2.85,0.2996845425867508,90.0,3.0,34.11,2.21,91.4,92.8,25.0,0.15544235042447407,0.09302325581395349,1.307,0.0,0.6535,1.4842800000000003,2.1377800000000002,0.6943090495747926,0.010230877692929496,0.0040196512197230305,0.13863199708590584,0.011,0.002,0.002,-11.272,0,UGC 04278
UGC04325,1.0,9.0,9.6,2.88,0.3,41.0,3.0,41.0,1.86,90.9,92.7,8.0,0.04033775769681479,0.034118422847218485,2.026,0.0,1.013,0.9017400000000001,1.91474,0.4709464470371957,0.2001576672498786,0.1816630272917248,0.11457378561753036,0.008,0.001,0.002,-10.656,0,UGC 04325
UGC04483,2.0,10.0,3.34,0.31,0.09281437125748504,58.0,3.0,29.71,0.18,0.0,24.3,8.0,0.14665299454808123,0.08402901289461984,0.013,0.0,0.0065,0.04256,0.04906,0.8675091724419078,-0.23179248037863998,-0.20999234338105932,0.07891151197613598,0.016,0.002,0.002,-11.284,0,UGC 04483
UGC04499,1.0,8.0,12.5,3.75,0.3,50.0,3.0,33.79,1.73,72.8,74.3,9.0,0.05701186036532449,0.041106128550074734,1.552,0.0,0.776,1.4630000000000003,2.2390000000000003,0.6534167038856633,-0.11979785358896361,-0.08827619221653471,0.08630169072151889,0.015,0.002,0.002,-11.102,0,UGC 04499
UGC05005,1.0,10.0,53.7,10.7,0.19925512104283052,41.0,10.0,25.63,3.2,98.9,100.0,11.0,0.25313414911220306,0.13216995447647953,4.1,0.0,2.05,4.11369,6.16369,0.6674070240391714,-0.20837118566251386,-0.17083715685070544,0.12452839022056332,0.032,0.002,0.003,-11.701,0,UGC 05005
UGC05253,2.0,2.0,22.9,5.72,0.2497816593886463,37.0,4.0,1488.78,8.07,213.7,248.0,73.0,0.024886084032610462,0.01695238095238095,171.582,65.5084,98.89267999999998,21.806680000000004,120.69935999999998,0.18066939211608088,0.009768127776941358,-0.0023714446460534333,0.07108656876365095,0.026,0.003,0.003,-9.707,0,UGC 05253
UGC05414,1.0,10.0,9.4,2.82,0.3,55.0,3.0,32.87,1.47,0.0,61.4,6.0,0.062457571774697,0.050375608527782445,1.123,0.0,0.5615,0.76342,1.32492,0.5762008272197566,-0.16052348181373896,-0.13404586370533345,0.06517325321072148,0.019,0.002,0.003,-11.019,0,UGC 05414
UGC05716,2.0,9.0,21.3,5.3,0.2488262910798122,54.0,10.0,27.59,1.14,73.1,74.7,12.0,0.022574231867418987,0.014114181557790581,0.588,0.0,0.294,1.4550200000000002,1.7490200000000002,0.83190586728568,-0.0017104969902905036,0.011030327125143735,0.0799742433544982,0.02,0.004,0.005,-11.44,0,UGC 05716
UGC05721,1.0,7.0,6.18,1.85,0.29935275080906154,61.0,5.0,233.79,0.38,79.7,82.6,23.0,0.08566840497177293,0.05843989769820972,0.531,0.0,0.2655,0.7474600000000001,1.01296,0.7378968567366925,0.1998915819124812,0.19694280910791306,0.08894383155378364,0.021,0.003,0.003,-10.917,0,UGC 05721
UGC05750,1.0,8.0,58.7,11.7,0.19931856899488926,64.0,10.0,6.87,3.46,0.0,78.9,11.0,0.3226351075167466,0.1662125340599455,3.336,0.0,1.668,1.46167,3.12967,0.46703646071311034,-0.3127258653688404,-0.16728168108654629,0.2865140474159093,0.048,0.008,0.01,-11.469,0,UGC 05750
UGC05764,2.0,10.0,7.47,2.24,0.29986613119143246,60.0,10.0,9.31,1.17,0.0,55.8,10.0,0.0333545929456271,0.020718908743972562,0.085,0.0,0.0425,0.21679,0.25929,0.8360908635118979,0.17379611748199864,0.1773654792724848,0.14283312693786276,0.046,0.025,0.053,-11.191,0,UGC 05764
UGC05829,2.0,10.0,8.64,2.59,0.2997685185185185,34.0,10.0,10.59,1.99,0.0,68.6,11.0,0.13183455356110654,0.1056367432150313,0.564,0.0,0.282,1.36059,1.64259,0.8283199094113565,-0.0777436058238876,-0.11236901181558068,0.09057735687187636,0.743,0.166,0.214,-11.263,0,UGC 05829
UGC05918,2.0,10.0,7.66,2.3,0.30026109660574407,46.0,5.0,5.36,1.66,0.0,44.5,8.0,0.12199446217640586,0.1033553757799989,0.233,0.0,0.1165,0.39501000000000003,0.51151,0.7722429669019178,-0.029492001252612532,-0.0473612522890674,0.0925056869133986,0.02,0.002,0.003,-11.581,0,UGC 05918
UGC05986,2.0,9.0,8.63,2.59,0.3001158748551564,90.0,3.0,76.71,1.67,113.0,116.0,15.0,0.03788735356444698,0.03294642857142857,4.695,0.0,2.3475,3.54711,5.89461,0.6017548234743265,0.10539145647633638,0.15087141983543262,0.09495555333138957,0.033,0.007,0.009,-10.836,0,UGC 05986
UGC06399,1.0,9.0,18.0,2.5,0.1388888888888889,75.0,2.0,30.82,2.05,85.0,87.6,9.0,0.08985315391242607,0.057242990654205614,2.296,0.0,1.148,0.8964200000000001,2.04442,0.43847154694240914,0.012049643845860873,0.02994610973086509,0.0792227527704505,0.009,0.001,0.002,-11.019,0,UGC 06399
UGC06446,1.0,7.0,12.0,3.6,0.3,51.0,3.0,37.05,1.49,82.2,84.9,17.0,0.07366246681674636,0.06101190476190475,0.988,0.0,0.494,1.83407,2.3280700000000003,0.7878070676569003,0.08963564541750599,0.07918336717553132,0.10622397028722333,0.019,0.002,0.003,-11.165,0,UGC 06446
UGC06614,1.0,1.0,88.7,8.87,0.09999999999999999,36.0,10.0,1461.61,5.1,199.8,205.0,13.0,0.0749687492321122,0.07804878048780488,124.35,66.6549,75.50598,29.111040000000003,104.61702,0.2782629442130927,-0.11928203806623841,-0.13563385253192983,0.06102954657260561,0.026,0.003,0.004,-10.336,0,UGC 06614
UGC06667,1.0,6.0,18.0,2.5,0.1388888888888889,89.0,1.0,18.06,5.15,83.8,85.7,9.0,0.059983604320604615,0.04398447606727038,1.397,0.0,0.6985,1.07597,1.77447,0.6063613360609084,0.2737662506948093,0.28176767288426596,0.125559829749354,0.027,0.004,0.005,-11.287,0,UGC 06667
UGC06786,1.0,0.0,29.3,7.32,0.24982935153583619,64.0,3.0,992.73,3.6,219.4,229.0,45.0,0.037118573420353566,0.023105022831050228,73.407,18.8497,40.47344,6.689900000000001,47.16334,0.14184534004589158,0.12732404955281382,0.12278602318582621,0.0638028797871611,0.027,0.004,0.005,-10.094,0,UGC 06786
UGC06787,2.0,2.0,21.3,5.32,0.24976525821596246,66.0,3.0,1891.6,5.37,248.1,276.0,71.0,0.030175594956727187,0.0157847533632287,98.256,47.8054,58.689080000000004,6.689900000000001,65.37898,0.10232493685279276,0.06460194481636235,0.061491032959230196,0.09627606306417767,0.028,0.004,0.005,-10.632,0,UGC 06787
UGC06818,2.0,9.0,18.0,2.5,0.1388888888888889,75.0,3.0,56.08,1.39,71.2,74.4,8.0,0.11818870494786335,0.0886957205789805,1.588,0.0,0.794,1.43507,2.22907,0.6437976375797978,-0.21265838462561004,-0.16169882369132615,0.20426136372206138,0.031,0.004,0.004,-11.263,0,UGC 06818
UGC06917,1.0,9.0,18.0,2.5,0.1388888888888889,56.0,2.0,53.07,2.76,108.7,111.0,11.0,0.045152497325287595,0.04454545454545455,6.832,0.0,3.416,2.6905900000000003,6.106590000000001,0.4406043307312264,0.02300982947690193,0.01442801774446778,0.04347068601026755,0.007,0.001,0.002,-10.831,0,UGC 06917
UGC06923,2.0,10.0,18.0,2.5,0.1388888888888889,65.0,2.0,166.28,1.44,79.6,81.1,6.0,0.08913200649768953,0.0656091830917791,2.89,0.0,1.445,1.07597,2.52097,0.4268079350408771,-0.1093503740093628,-0.07000216903477874,0.09166352688760596,0.022,0.003,0.003,-10.79,0,UGC 06923
UGC06930,1.0,7.0,18.0,2.5,0.1388888888888889,32.0,5.0,73.93,3.94,107.2,109.0,10.0,0.07048324890818258,0.06730829977098635,8.932,0.0,4.466,4.305210000000001,8.77121,0.49083421785591735,-0.05084467268757962,-0.08108045529145702,0.07459960579231585,0.034,0.005,0.005,-11.033,0,UGC 06930
UGC06983,1.0,6.0,18.0,2.5,0.1388888888888889,49.0,1.0,53.56,3.21,109.0,113.0,17.0,0.06151441986016567,0.05277777777777778,5.298,0.0,2.649,3.9461100000000005,6.59511,0.5983387691789827,0.04198952509602972,0.06224276003121254,0.08194964149610612,0.034,0.005,0.006,-10.952,0,UGC 06983
UGC07089,2.0,8.0,18.0,2.5,0.1388888888888889,80.0,3.0,37.4,2.26,0.0,79.1,12.0,0.09544776138988613,0.08831636632994867,3.585,0.0,1.7925,1.61462,3.40712,0.47389584164925214,-0.20657476482290482,-0.18906047088339584,0.060006550058113714,0.033,0.005,0.005,-11.166,0,UGC 07089
UGC07125,1.0,9.0,19.8,5.9,0.297979797979798,90.0,3.0,28.11,3.38,65.2,65.6,13.0,0.050427280590443484,0.040519877675840976,2.712,0.0,1.356,6.156569999999999,7.512569999999999,0.8195025137868932,-0.35368567631334574,-0.31846511408189215,0.06930845058180882,0.007,0.002,0.002,-11.386,0,UGC 07125
UGC07151,1.0,6.0,6.87,0.34,0.049490538573508006,90.0,3.0,76.71,1.25,73.5,76.2,11.0,0.04543174857876192,0.040813464235624125,2.284,0.0,1.142,0.81928,1.96128,0.417727198564203,-0.05133950967165355,-0.06280276266562268,0.07297126269744987,0.029,0.004,0.005,-10.712,0,UGC 07151
UGC07232,2.0,10.0,2.83,0.17,0.060070671378091876,59.0,5.0,83.34,0.29,0.0,44.0,4.0,0.1239809276671011,0.10985209923664122,0.113,0.0,0.0565,0.061180000000000005,0.11768,0.5198844323589396,-0.04060831310361834,-0.06613343785222714,0.13702963516327418,0.024,0.003,0.004,-10.68,0,UGC 07232
UGC07261,2.0,8.0,13.1,3.93,0.30000000000000004,30.0,10.0,39.16,1.2,74.7,76.1,7.0,0.08629872890605038,0.08132183908045978,1.753,0.0,0.8765,1.84604,2.72254,0.678057989965253,0.01146118545465694,-0.0074982545040054305,0.08646598343060134,0.028,0.003,0.004,-11.097,0,UGC 07261
UGC07323,1.0,8.0,8.0,2.4,0.3,47.0,3.0,61.49,2.26,0.0,85.6,10.0,0.07558409088941839,0.06228738595131347,4.109,0.0,2.0545,0.96026,3.01476,0.3185195504783134,-0.13550434405148035,-0.1267284640583055,0.05167954688043,0.024,0.004,0.004,-10.898,0,UGC 07323
UGC07399,1.0,8.0,8.43,2.53,0.3001186239620403,55.0,3.0,113.98,1.64,103.0,106.0,10.0,0.03911136188236493,0.03817905056759546,1.156,0.0,0.578,0.99085,1.5688499999999999,0.6315772699748223,0.3102267868352877,0.31388880163152777,0.04203363681253761,0.018,0.003,0.004,-10.92,0,UGC 07399
UGC07524,1.0,9.0,4.74,0.24,0.05063291139240506,46.0,3.0,29.71,3.46,79.5,83.8,31.0,0.06504696374572913,0.053023255813953486,2.436,0.0,1.218,2.36607,3.58407,0.6601628874436046,-0.057476722060904824,-0.029887577315406588,0.07951757073780019,0.032,0.006,0.008,-11.181,0,UGC 07524
UGC07559,2.0,10.0,4.97,0.25,0.05030181086519115,61.0,3.0,17.9,0.58,0.0,32.1,7.0,0.16257265441765273,0.12375478927203064,0.109,0.0,0.0545,0.22477000000000003,0.27927,0.8048483546388799,-0.34133774372525316,-0.31206189779949156,0.10779544172236175,0.022,0.004,0.004,nan,1,UGC 07559a
UGC07577,2.0,10.0,2.59,0.13,0.0501930501930502,63.0,3.0,11.94,0.9,0.0,17.8,9.0,0.3756295262768428,0.29626168224299065,0.045,0.0,0.0225,0.05852,0.08102000000000001,0.7222907923969389,-0.6721712103992188,-0.7008050879690124,0.10746951182557919,0.038,0.003,0.003,nan,1,UGC 07577a
UGC07603,1.0,7.0,4.7,1.41,0.3,78.0,3.0,81.81,0.53,61.6,64.0,12.0,0.06182325374026995,0.0479676308539945,0.376,0.0,0.188,0.34314,0.53114,0.6460443574198894,0.06407210372005571,0.11193665743140357,0.10780290804992093,0.032,0.003,0.003,-10.997,0,UGC 07603
UGC07690,2.0,10.0,8.11,2.43,0.29963008631319366,41.0,5.0,184.01,0.57,57.4,60.7,7.0,0.0769727011631175,0.07443868739205527,0.858,0.0,0.429,0.5187,0.9477,0.5473251028806585,-0.05347296021308624,-0.06013256781437093,0.07569918199129486,0.027,0.003,0.003,-10.824,0,UGC 07690
UGC07866,2.0,10.0,4.57,0.23,0.05032822757111597,44.0,5.0,21.92,0.61,0.0,33.1,7.0,0.18150360321939743,0.15653846153846154,0.124,0.0,0.062,0.15694,0.21894,0.71681739289303,-0.2324874634740977,-0.24469600240758638,0.04049094077068047,0.036,0.006,0.007,nan,1,UGC 07866a
UGC08286,1.0,6.0,6.5,0.21,0.03230769230769231,90.0,3.0,39.52,1.05,82.4,84.3,17.0,0.03620998377388905,0.026229508196721315,1.255,0.0,0.6275,0.8538600000000001,1.48136,0.5764027650267323,0.13465119691484445,0.11173364722320223,0.08308595434666047,0.023,0.004,0.004,-10.832,0,UGC 08286
UGC08490,1.0,9.0,4.65,0.53,0.1139784946236559,50.0,3.0,124.98,0.67,78.6,80.1,30.0,0.05030163092560759,0.04700636942675159,1.017,0.0,0.5085,0.9576,1.4661,0.6531614487415592,0.10562114404645725,0.10015752665766353,0.04869267963139362,0.026,0.004,0.005,-11.162,0,UGC 08490
UGC08550,1.0,7.0,6.7,2.0,0.29850746268656714,90.0,3.0,45.38,0.45,56.9,57.8,11.0,0.0450768559398561,0.03953488372093023,0.289,0.0,0.1445,0.38304,0.52754,0.7260871213557265,0.03854363713221173,0.04054835784680222,0.052411478862653085,0.025,0.003,0.004,-11.251,0,UGC 08550
UGC08699,2.0,2.0,39.3,9.82,0.2498727735368957,73.0,9.0,2191.95,3.09,182.4,202.0,41.0,0.04299085358970198,0.032058823529411765,50.302,14.6855,28.0881,4.97154,33.05964,0.15038094788690984,0.032849666430973805,0.04657517686937318,0.056366775924215455,0.04,0.01,0.014,-10.12,0,UGC 08699
UGC08837,2.0,10.0,7.21,0.36,0.049930651872399444,80.0,5.0,15.73,1.72,0.0,48.0,8.0,0.11010950529826022,0.07595712985185799,0.501,0.0,0.2505,0.42560000000000003,0.6761,0.6294926785978405,-0.40664100507494494,-0.3833491309815438,0.19284304262430044,0.024,0.004,0.005,-11.296,0,UGC 08837
UGC09037,2.0,6.0,83.6,8.4,0.10047846889952154,65.0,5.0,334.83,4.28,152.3,160.0,22.0,0.05302839692826369,0.044272949272949266,68.614,0.0,34.307,25.37374,59.68074,0.42515793202296087,-0.21787791910709917,-0.19414415011425223,0.0975296479978253,0.03,0.005,0.006,-10.734,0,UGC 09037
UGC09133,1.0,2.0,57.1,11.4,0.19964973730297722,53.0,6.0,1284.78,6.97,226.8,289.0,68.0,0.02171675774768695,0.016809618794326242,282.926,80.5147,157.56593999999998,44.45924,202.02517999999998,0.220067815308963,-0.014339741897043142,-0.01962712361349528,0.07899208081685515,0.042,0.009,0.011,-9.81,0,UGC 09133
UGC09992,2.0,10.0,10.7,3.21,0.3,30.0,10.0,20.18,1.04,33.6,34.3,5.0,0.17764899301798792,0.1715151515151515,0.336,0.0,0.168,0.42294000000000004,0.59094,0.7157071783937456,-0.29438823452719054,-0.3192143021675111,0.13584397776745277,0.033,0.006,0.007,nan,1,UGC 09992a
UGC10310,1.0,9.0,15.2,4.6,0.3026315789473684,34.0,6.0,28.37,1.8,71.4,73.2,7.0,0.08651501017466154,0.07312138728323699,1.741,0.0,0.8705,1.59068,2.46118,0.6463078685833624,-0.04305160732119389,-0.0030606718198811222,0.08491400336400785,0.044,0.008,0.009,-11.108,0,UGC 10310
UGC11455,1.0,6.0,78.6,11.8,0.15012722646310434,90.0,1.0,571.26,5.93,269.4,291.0,36.0,0.03945787982251717,0.03187634513793779,374.322,0.0,187.161,17.735550000000003,204.89655,0.086558558453034,-0.059471543150928015,-0.026396103129254556,0.11228854927500496,0.027,0.004,0.005,-9.898,0,UGC 11455
UGC11557,2.0,8.0,24.2,6.05,0.25,30.0,10.0,106.86,2.75,0.0,85.0,12.0,0.3157263113727356,0.1222134820747521,12.101,0.0,6.0505,3.4646500000000002,9.51515,0.3641193254967079,-0.5351809987746368,-0.3797073480051427,0.3917680591540333,0.025,0.004,0.005,-10.904,0,UGC 11557
UGC11820,1.0,9.0,18.1,5.43,0.29999999999999993,45.0,10.0,20.18,2.08,0.0,84.45,10.0,0.10342400796309674,0.06182667022140356,0.97,0.0,0.485,2.6294100000000005,3.1144100000000003,0.8442722698681292,-0.02902219760257836,-0.06901279072414468,0.12616469660836857,0.039,0.008,0.009,-11.305,0,UGC 11820
UGC11914,1.0,2.0,16.9,5.1,0.30177514792899407,31.0,5.0,2425.66,2.44,288.1,305.0,65.0,0.03809118214901425,0.028056537102473498,150.028,37.1578,82.44555999999999,1.18104,83.62659999999998,0.014122779115735905,0.10858230100020633,0.10430750380638898,0.036002879779270615,0.031,0.004,0.005,-9.346,0,UGC 11914
UGC12506,2.0,6.0,100.6,10.1,0.10039761431411531,86.0,4.0,144.82,7.38,234.0,255.0,31.0,0.0676241008402758,0.051555555555555556,139.571,0.0,69.7855,47.28948,117.07498,0.40392473267986034,0.1572471299555153,0.11135484436474208,0.17749007122917115,0.033,0.005,0.006,-10.508,0,UGC 12506
UGC12632,1.0,9.0,9.77,2.93,0.29989764585465717,46.0,3.0,13.09,2.42,71.7,73.2,15.0,0.07373149494608805,0.052366863905325446,1.301,0.0,0.6505,2.3195200000000002,2.9700200000000003,0.7809779058726877,-0.03003965874170724,-0.006825412257686736,0.08566550526233711,0.028,0.004,0.004,-11.304,0,UGC 12632
UGC12732,1.0,9.0,13.2,4.0,0.30303030303030304,39.0,6.0,26.84,1.98,0.0,98.0,16.0,0.051920506339553585,0.04396438841532299,1.667,0.0,0.8335,4.867800000000001,5.701300000000001,0.8538052724817148,0.01266244008748052,0.025415179981394864,0.07843401495748593,0.029,0.004,0.005,-11.361,0,UGC 12732
UGCA442,1.0,9.0,4.35,0.22,0.05057471264367817,64.0,7.0,7.6,1.18,56.4,57.8,8.0,0.054094536584018145,0.045700481053253444,0.14,0.0,0.07,0.34979000000000005,0.41979000000000005,0.8332499583124896,-0.05313361612943668,-0.051913903504734016,0.06598582627291436,0.026,0.004,0.005,-11.259,0,UGC A442
UGCA444,2.0,10.0,0.98,0.05,0.05102040816326531,78.0,4.0,11.94,0.83,37.0,38.3,36.0,0.16653705046736952,0.1392608817797131,0.012,0.0,0.006,0.08911000000000001,0.09511000000000001,0.9369151508779308,-0.1094314581125358,-0.13109591363786244,0.09516552767709464,0.028,0.004,0.005,nan,1,UGC A444a
