z,mu,sigma
0.01016000,13.52640000,0.34750000
0.01017000,13.66520000,0.36422400
0.01017000,13.71440000,0.34081000
0.01026000,14.08480000,0.30510100
0.01026000,13.97230000,0.29786500
0.01042000,13.87060000,0.31607600
0.01073000,13.85510000,0.36366700
0.01096000,14.31790000,0.31369800
0.01114000,14.48070000,0.34142100
0.01114000,14.38390000,0.29398300
0.01122000,14.58170000,0.35287800
0.01122000,14.18060000,0.28213500
0.01122000,14.24170000,0.32405000
0.01155000,14.33030000,0.27987000
0.01195000,14.24440000,0.30029000
0.01213000,14.62530000,0.34532700
0.01220000,14.44930000,0.26529600
0.01233000,14.48730000,0.25269700
0.01246000,14.57560000,0.26373600
0.01258000,14.45500000,0.23924100
0.01258000,14.47160000,0.24863500
0.01259000,14.33440000,0.25865400
0.01259000,14.26480000,0.26481800
0.01279000,14.49620000,0.41578300
0.01283000,14.38350000,0.28610700
0.01283000,14.24980000,0.33002100
0.01303000,14.48250000,0.23825800
0.01303000,14.50770000,0.28594800
0.01304000,14.32220000,0.29131500
0.01304000,14.31430000,0.28350300
0.01325000,14.71520000,0.30249100
0.01325000,14.73160000,0.29817900
0.01325000,14.67170000,0.30340700
0.01375000,14.54400000,0.27654000
0.01375000,14.51530000,0.23120600
0.01375000,14.51900000,0.23420400
0.01376000,14.51190000,0.28752600
0.01386000,14.42110000,0.34431000
0.01388000,14.44380000,0.23196400
0.01389000,14.55230000,0.28753800
0.01389000,14.41210000,0.29497300
0.01411000,14.56760000,0.24941600
0.01424000,14.59140000,0.26411200
0.01442000,14.76570000,0.30600500
0.01442000,14.77190000,0.35130200
0.01442000,15.08360000,0.36973100
0.01442000,14.92510000,0.39598800
0.01442000,14.99900000,0.39631700
0.01446000,14.65480000,0.23899400
0.01450000,14.91970000,0.36402900
0.01453000,14.49960000,0.21460800
0.01460000,14.62960000,0.24785000
0.01462000,14.67230000,0.24242900
0.01463000,14.50230000,0.38957100
0.01463000,14.46590000,0.39189100
0.01467000,14.63860000,0.23917500
0.01472000,14.53640000,0.39643400
0.01484000,14.75790000,0.26886900
0.01492000,14.93720000,0.37169400
0.01493000,14.59940000,0.27624100
0.01499000,14.72100000,0.22797100
0.01499000,14.67310000,0.23013000
0.01515000,14.63470000,0.29374700
0.01519000,14.92630000,0.26540000
0.01525000,14.51760000,0.30098200
0.01529000,14.78040000,0.34324500
0.01542000,15.08960000,0.37190900
0.01543000,14.82140000,0.31370200
0.01546000,14.78010000,0.22485000
0.01549000,15.02020000,0.33928800
0.01550000,15.00510000,0.27118700
0.01550000,14.95820000,0.25665500
0.01550000,14.74640000,0.28504500
0.01550000,14.63220000,0.31276900
0.01557000,14.53720000,0.28932000
0.01557000,14.55420000,0.28913700
0.01562000,14.92020000,0.26298100
0.01562000,14.87720000,0.33321800
0.01565000,15.07870000,0.27740200
0.01576000,14.91270000,0.28560700
0.01578000,14.74560000,0.21827300
0.01578000,14.81670000,0.28912400
0.01581000,14.73960000,0.23776100
0.01581000,14.64740000,0.21732300
0.01587000,15.13860000,0.26899000
0.01588000,14.77570000,0.22319700
0.01590000,14.91330000,0.24138800
0.01590000,14.87930000,0.20772400
0.01590000,14.77990000,0.27117000
0.01603000,14.85320000,0.28028400
0.01652000,15.16070000,0.34531600
0.01652000,14.74690000,0.33363800
0.01656000,14.90780000,0.21643900
0.01657000,14.71960000,0.41440100
0.01662000,15.02630000,0.26052100
0.01666000,15.08780000,0.19617400
0.01671000,14.64550000,0.24389400
0.01678000,14.91490000,0.24499200
0.01682000,14.71430000,0.28312400
0.01690000,14.58800000,0.28804800
0.01690000,14.64450000,0.26318000
0.01692000,15.23640000,0.30913800
0.01698000,15.08790000,0.22678500
0.01699000,14.82250000,0.29658800
0.01705000,14.94430000,0.21275600
0.01718000,14.76900000,0.30781300
0.01718000,14.94730000,0.32420600
0.01720000,15.35540000,0.21815000
0.01730000,14.89060000,0.28139800
0.01730000,14.89870000,0.25571500
0.01733000,15.14790000,0.22004800
0.01733000,15.25710000,0.22965700
0.01734000,15.10800000,0.21862400
0.01737000,15.05700000,0.26217000
0.01737000,15.01390000,0.26103200
0.01743000,14.52690000,0.32952800
0.01747000,15.06980000,0.19841300
0.01747000,15.06030000,0.19596800
0.01752000,14.89350000,0.22983600
0.01776000,14.96910000,0.31927200
0.01778000,15.08340000,0.20837300
0.01778000,14.99340000,0.21171400
0.01784000,15.04090000,0.24511900
0.01784000,14.98880000,0.22122800
0.01790000,15.04450000,0.31776700
0.01802000,15.01310000,0.23264900
0.01808000,15.35480000,0.19965300
0.01826000,15.72620000,0.21680500
0.01826000,14.94750000,0.27926600
0.01839000,15.18630000,0.22528900
0.01855000,15.23900000,0.25393000
0.01855000,15.32300000,0.29501000
0.01865000,15.36410000,0.23745400
0.01865000,15.31860000,0.23846600
0.01866000,15.35360000,0.27615500
0.01875000,15.29360000,0.21381600
0.01875000,15.23360000,0.31988600
0.01905000,15.17560000,0.28010900
0.01947000,15.52170000,0.19352900
0.01947000,15.55550000,0.19365800
0.01975000,15.50400000,0.46583000
0.01975000,15.48630000,0.43267400
0.01976000,15.43350000,0.40534300
0.01995000,15.11180000,0.29449000
0.02001000,15.43240000,0.20248300
0.02006000,15.25910000,0.19765100
0.02019000,15.25420000,0.23232900
0.02019000,15.44900000,0.19055600
0.02023000,15.34650000,0.18636400
0.02023000,15.24820000,0.29433000
0.02023000,15.32300000,0.18797400
0.02023000,15.39520000,0.18588100
0.02024000,15.74580000,0.18576300
0.02034000,15.56350000,0.24031300
0.02034000,15.32190000,0.37485100
0.02035000,15.31790000,0.18575600
0.02035000,15.31260000,0.17565300
0.02035000,15.24010000,0.18882900
0.02044000,15.40220000,0.21288600
0.02049000,15.87330000,0.37481200
0.02052000,15.30300000,0.33281000
0.02056000,15.16380000,0.21547100
0.02056000,15.31170000,0.24804000
0.02081000,15.23330000,0.32934000
0.02082000,15.42100000,0.22931500
0.02082000,15.38190000,0.25307400
0.02090000,15.55880000,0.29900700
0.02096000,15.44260000,0.21480400
0.02106000,15.41630000,0.22910200
0.02116000,15.12200000,0.20128600
0.02116000,15.56640000,0.19456100
0.02118000,15.86500000,0.30951100
0.02118000,15.95260000,0.30290200
0.02131000,15.50310000,0.17855400
0.02131000,15.48140000,0.17510800
0.02131000,15.48890000,0.18580100
0.02134000,15.50970000,0.33889700
0.02137000,15.09380000,0.19717000
0.02151000,15.33690000,0.19733900
0.02153000,15.35840000,0.39239600
0.02170000,15.51790000,0.19399300
0.02183000,15.50530000,0.28215900
0.02183000,15.52120000,0.25220500
0.02197000,15.60590000,0.24496400
0.02198000,15.71240000,0.21528600
0.02203000,15.42090000,0.24630900
0.02205000,15.49470000,0.19725600
0.02207000,15.63170000,0.18405900
0.02215000,15.79510000,0.28736600
0.02219000,15.76060000,0.21446600
0.02228000,15.55290000,0.17814600
0.02228000,15.57040000,0.25669400
0.02231000,15.67150000,0.16767700
0.02234000,15.51970000,0.19716400
0.02234000,15.61740000,0.20268900
0.02236000,15.52840000,0.22303400
0.02239000,15.51840000,0.30144800
0.02239000,15.60730000,0.24161600
0.02240000,15.50600000,0.28745400
0.02240000,15.54670000,0.25383800
0.02241000,15.78620000,0.21282000
0.02255000,15.47760000,0.24163800
0.02266000,15.59080000,0.21888800
0.02270000,15.61630000,0.20149900
0.02273000,15.43190000,0.35730600
0.02295000,16.01550000,0.30367600
0.02295000,15.60540000,0.19945000
0.02298000,15.74620000,0.26600000
0.02298000,15.71820000,0.23574300
0.02303000,15.73200000,0.18881900
0.02307000,15.51360000,0.33926600
0.02313000,15.76950000,0.26987400
0.02316000,15.63000000,0.27364200
0.02321000,15.66380000,0.17647000
0.02325000,15.80070000,0.22811000
0.02331000,15.39480000,0.26559300
0.02331000,15.17710000,0.27811500
0.02342000,15.73210000,0.28128700
0.02342000,15.75510000,0.22004200
0.02342000,15.72530000,0.22378000
0.02343000,15.60520000,0.25886900
0.02343000,15.60520000,0.16848700
0.02344000,15.58010000,0.26238500
0.02352000,15.58610000,0.21418500
0.02354000,15.74680000,0.21603800
0.02357000,15.78760000,0.20480000
0.02357000,15.69790000,0.25771700
0.02357000,15.31850000,0.26034900
0.02365000,15.70130000,0.27270600
0.02369000,15.69000000,0.20805600
0.02388000,15.74190000,0.17877300
0.02390000,15.63600000,0.40279300
0.02390000,15.74100000,0.27606600
0.02391000,15.64630000,0.18840600
0.02401000,15.84880000,0.19313600
0.02411000,15.85190000,0.30915300
0.02411000,15.21810000,0.39756000
0.02412000,15.62520000,0.22243400
0.02417000,15.68910000,0.20652900
0.02417000,15.83100000,0.18155800
0.02428000,15.92730000,0.23067600
0.02429000,15.82410000,0.19354100
0.02432000,15.73410000,0.18215700
0.02432000,15.70000000,0.19621500
0.02432000,15.97870000,0.23365000
0.02434000,15.75720000,0.20013500
0.02453000,15.75500000,0.15974900
0.02453000,15.82160000,0.20820900
0.02453000,15.69630000,0.16872500
0.02457000,15.92540000,0.18717500
0.02462000,15.85310000,0.23400300
0.02462000,15.79910000,0.22967900
0.02462000,15.63680000,0.23240900
0.02464000,15.69980000,0.21208300
0.02464000,15.55400000,0.18045100
0.02466000,15.55820000,0.31644600
0.02491000,15.83320000,0.23902700
0.02494000,15.94430000,0.22689200
0.02509000,15.96220000,0.26716600
0.02510000,15.58390000,0.28677400
0.02510000,15.59520000,0.17990300
0.02510000,15.82600000,0.20421900
0.02510000,15.75600000,0.17481600
0.02512000,15.77460000,0.18827200
0.02513000,15.20530000,0.33216900
0.02517000,15.65870000,0.30529200
0.02517000,15.94590000,0.23674700
0.02517000,15.97470000,0.20258300
0.02519000,15.86090000,0.15294500
0.02519000,15.86150000,0.17272700
0.02521000,15.73120000,0.18330700
0.02525000,15.69110000,0.23920400
0.02525000,15.65330000,0.26770800
0.02534000,15.93520000,0.17462600
0.02534000,15.94440000,0.18396600
0.02556000,15.92980000,0.23216000
0.02557000,15.80910000,0.18825100
0.02585000,15.51340000,0.34363300
0.02591000,15.86510000,0.19835100
0.02596000,16.14840000,0.19866400
0.02598000,16.04010000,0.17750300
0.02598000,15.85510000,0.19639500
0.02598000,15.58200000,0.34726600
0.02598000,16.05810000,0.17667900
0.02626000,16.03250000,0.28764400
0.02626000,16.08990000,0.32210200
0.02632000,15.76930000,0.37136600
0.02669000,16.05500000,0.17754600
0.02691000,16.01580000,0.18137400
0.02691000,16.03620000,0.20410500
0.02695000,15.86540000,0.17934800
0.02713000,15.99830000,0.18479800
0.02714000,16.06940000,0.21436400
0.02730000,16.03620000,0.29768500
0.02731000,16.01430000,0.17022900
0.02731000,16.09070000,0.22920400
0.02731000,15.85880000,0.34553800
0.02731000,15.97400000,0.26024800
0.02736000,16.06000000,0.21847500
0.02740000,16.05120000,0.35181800
0.02741000,16.27060000,0.22371300
0.02748000,15.86000000,0.17060100
0.02748000,15.90080000,0.18489500
0.02748000,15.85870000,0.16814100
0.02773000,16.09370000,0.28861500
0.02803000,16.47280000,0.32056400
0.02805000,15.87760000,0.18278700
0.02810000,16.42090000,0.21466200
0.02816000,16.10830000,0.18870600
0.02819000,16.06440000,0.17130100
0.02820000,16.03440000,0.29168700
0.02823000,16.25310000,0.16084200
0.02823000,16.30330000,0.15792600
0.02823000,16.30500000,0.15870500
0.02833000,16.01350000,0.17548000
0.02844000,16.11900000,0.15801100
0.02844000,16.08910000,0.15418000
0.02849000,15.85190000,0.17971700
0.02849000,16.18380000,0.17828900
0.02849000,16.03830000,0.17618600
0.02849000,16.10600000,0.17820900
0.02849000,15.94330000,0.36560900
0.02857000,16.34660000,0.23345300
0.02858000,16.40660000,0.24992800
0.02866000,16.09190000,0.20964700
0.02866000,16.15750000,0.20009700
0.02873000,15.69570000,0.22614300
0.02888000,16.02330000,0.65456000
0.02898000,16.22490000,0.27404900
0.02902000,15.80280000,0.21699000
0.02913000,16.26220000,0.24936200
0.02915000,16.44180000,0.18134600
0.02917000,15.98610000,0.18385100
0.02919000,16.34940000,0.16782900
0.02938000,16.36920000,0.29874800
0.02938000,16.21900000,0.22413400
0.02944000,16.02310000,0.17888900
0.02947000,15.84090000,0.27135400
0.02949000,16.35490000,0.22260200
0.02950000,16.11080000,0.28245500
0.02953000,16.21240000,0.17580500
0.02956000,16.25340000,0.18897600
0.02969000,16.02510000,0.19223500
0.02978000,16.24850000,0.18844500
0.02978000,16.25860000,0.18886800
0.02990000,16.18240000,0.18335800
0.02996000,16.60800000,0.19062000
0.03012000,16.26650000,0.19422000
0.03012000,16.23080000,0.19745900
0.03012000,16.22310000,0.23192200
0.03023000,16.26550000,0.16380200
0.03031000,16.30120000,0.21458100
0.03036000,16.22730000,0.17169400
0.03047000,16.28150000,0.25683300
0.03059000,16.10560000,0.16228700
0.03075000,16.09920000,0.34209300
0.03076000,16.35540000,0.21095000
0.03083000,16.21180000,0.27743600
0.03086000,16.16340000,0.18285900
0.03091000,16.23960000,0.16427200
0.03096000,16.39510000,0.20490100
0.03108000,16.66940000,0.39838800
0.03108000,16.15300000,0.33102000
0.03108000,16.08440000,0.37432000
0.03110000,16.31200000,0.18172700
0.03114000,16.41700000,0.23529100
0.03114000,16.28790000,0.18291400
0.03116000,16.33470000,0.16692400
0.03117000,16.27740000,0.28229400
0.03118000,16.41450000,0.17243000
0.03120000,16.24270000,0.17387000
0.03120000,16.32630000,0.14620800
0.03120000,16.23110000,0.15141400
0.03121000,16.51900000,0.22259600
0.03121000,16.48980000,0.22515100
0.03121000,16.53370000,0.21497000
0.03132000,16.37010000,0.31974800
0.03143000,16.39310000,0.19434700
0.03143000,16.30720000,0.18358800
0.03147000,16.65890000,0.27256700
0.03148000,16.44870000,0.16205500
0.03148000,16.45400000,0.21891200
0.03162000,16.39440000,0.19235400
0.03162000,16.43170000,0.18612800
0.03166000,16.47490000,0.17599100
0.03192000,16.20620000,0.27474100
0.03201000,16.23660000,0.14620300
0.03236000,16.42160000,0.20029900
0.03255000,16.32300000,0.19495300
0.03260000,16.60320000,0.25739600
0.03260000,16.60470000,0.29337900
0.03264000,16.62780000,0.18811300
0.03264000,16.41260000,0.27319400
0.03264000,16.65520000,0.19632000
0.03272000,16.41080000,0.15369500
0.03272000,16.38360000,0.16769900
0.03272000,16.39010000,0.14594500
0.03282000,16.37990000,0.20223200
0.03289000,16.58510000,0.17660700
0.03290000,16.47180000,0.15115700
0.03294000,16.54620000,0.32490200
0.03296000,16.47940000,0.21852800
0.03296000,16.63770000,0.22412000
0.03298000,16.36340000,0.16583100
0.03333000,16.41130000,0.14851300
0.03333000,16.47380000,0.16037600
0.03335000,16.56290000,0.19712000
0.03341000,16.61170000,0.14855300
0.03341000,16.59860000,0.14105800
0.03371000,16.52670000,0.15740000
0.03373000,16.57600000,0.27233800
0.03375000,16.76990000,0.24151300
0.03378000,16.57460000,0.25771500
0.03393000,16.65590000,0.17514500
0.03403000,16.50570000,0.31179900
0.03428000,16.66580000,0.20565100
0.03428000,16.68480000,0.20958400
0.03437000,16.53070000,0.21538900
0.03441000,16.57200000,0.33953400
0.03451000,16.72270000,0.35706400
0.03459000,16.48180000,0.15329600
0.03479000,16.60360000,0.20399400
0.03491000,16.65880000,0.16341700
0.03512000,16.62860000,0.16715900
0.03515000,16.64070000,0.20993400
0.03516000,16.54820000,0.48257600
0.03516000,16.55080000,0.48130000
0.03522000,16.58190000,0.33312000
0.03529000,16.60800000,0.16642400
0.03551000,16.73750000,0.37384800
0.03568000,16.98100000,0.18651100
0.03576000,16.70610000,0.22354800
0.03576000,16.90150000,0.22873000
0.03583000,16.67950000,0.20243900
0.03585000,16.29850000,0.20253400
0.03599000,16.73790000,0.18522800
0.03616000,16.60560000,0.22184500
0.03624000,16.93150000,0.18528800
0.03635000,16.75050000,0.18327300
0.03682000,16.67520000,0.15425500
0.03682000,16.63060000,0.18312900
0.03697000,16.82180000,0.28802100
0.03702000,16.55260000,0.30698100
0.03702000,16.67570000,0.31732400
0.03702000,16.81650000,0.17293000
0.03702000,16.82700000,0.33572800
0.03705000,16.71070000,0.16436200
0.03707000,16.79450000,0.16413300
0.03725000,16.75370000,0.13249000
0.03725000,16.73970000,0.14671100
0.03730000,16.61680000,0.18775900
0.03740000,16.72590000,0.16144000
0.03753000,16.69600000,0.26121700
0.03756000,17.08030000,0.16910600
0.03756000,16.96550000,0.16920100
0.03787000,16.75330000,0.20488400
0.03790000,16.80940000,0.16075600
0.03796000,16.83590000,0.19703400
0.03818000,16.64080000,0.14930200
0.03818000,16.60870000,0.15029700
0.03828000,16.86110000,0.23460400
0.03834000,17.26470000,0.24431900
0.03847000,16.97240000,0.31001400
0.03848000,17.00340000,0.14752400
0.03873000,16.75950000,0.16819700
0.03884000,16.77300000,0.21784000
0.03902000,16.75950000,0.20292400
0.03909000,16.94320000,0.21916500
0.03910000,16.95950000,0.18152300
0.04014000,17.03100000,0.14541500
0.04035000,17.29560000,0.23307600
0.04056000,16.76370000,0.14091000
0.04056000,16.82880000,0.14244400
0.04077000,16.73880000,0.20872500
0.04089000,16.87330000,0.16666200
0.04095000,17.15740000,0.30599800
0.04099000,16.78730000,0.14474900
0.04101000,17.06230000,0.14835700
0.04167000,17.30710000,0.27881800
0.04222000,16.95710000,0.20628200
0.04258000,17.25760000,0.42563100
0.04268000,17.04010000,0.14858400
0.04268000,16.66080000,0.29325000
0.04285000,16.99910000,0.17345000
0.04285000,16.95410000,0.16431200
0.04289000,16.94880000,0.16026400
0.04306000,16.99270000,0.20528800
0.04349000,17.16350000,0.16385500
0.04349000,16.96070000,0.14977300
0.04349000,17.03520000,0.16442400
0.04369000,17.00640000,0.17571400
0.04408000,17.07680000,0.17918500
0.04438000,17.29390000,0.22961900
0.04439000,17.03860000,0.24761100
0.04440000,17.29800000,0.26917400
0.04464000,17.25840000,0.28499600
0.04487000,17.20350000,0.16007300
0.04521000,17.43360000,0.30372300
0.04545000,17.20110000,0.19440000
0.04575000,17.21040000,0.17141900
0.04575000,17.26090000,0.14951500
0.04583000,16.90490000,0.18075100
0.04590000,17.12810000,0.19413700
0.04625000,17.01060000,0.21642800
0.04631000,17.28640000,0.15691700
0.04643000,17.07170000,0.19314300
0.04656000,17.25510000,0.20781500
0.04664000,17.21830000,0.19220300
0.04682000,17.22560000,0.14571700
0.04682000,17.23270000,0.18092400
0.04691000,17.50520000,0.27937600
0.04738000,17.31120000,0.22755300
0.04760000,17.34790000,0.15941700
0.04777000,17.34160000,0.14285600
0.04777000,17.30970000,0.20705300
0.04819000,17.24460000,0.16366000
0.04837000,17.12050000,0.15236700
0.04860000,17.07730000,0.13312400
0.04865000,17.38800000,0.17944300
0.04934000,17.34670000,0.20087700
0.04940000,17.21610000,0.17492300
0.04944000,17.32980000,0.16591400
0.04985000,17.38720000,0.24289900
0.04989000,17.21840000,0.18355500
0.05018000,17.31630000,0.15345500
0.05023000,17.60530000,0.16097800
0.05032000,17.28730000,0.45260700
0.05044000,17.20910000,0.20008200
0.05049000,17.29310000,0.18904300
0.05052000,17.45060000,0.13060200
0.05066000,17.59930000,0.30135000
0.05106000,17.62740000,0.16618100
0.05126000,17.14000000,0.19963100
0.05151000,17.33320000,0.15449100
0.05194000,17.52290000,0.22657900
0.05202000,17.61490000,0.20655100
0.05202000,17.29030000,0.29760700
0.05222000,17.58810000,0.21657200
0.05262000,17.66140000,0.20574500
0.05309000,17.52220000,0.15949700
0.05316000,17.59440000,0.17007400
0.05346000,17.61010000,0.13106500
0.05468000,17.57970000,0.17685200
0.05469000,17.60510000,0.14713600
0.05502000,17.39030000,0.17333300
0.05541000,17.61460000,0.19249000
0.05614000,17.55790000,0.19126500
0.05653000,17.65680000,0.18307000
0.05693000,17.78630000,0.17422800
0.05708000,17.73730000,0.16931200
0.05728000,17.81570000,0.21967000
0.05824000,17.72910000,0.13548500
0.05824000,17.67940000,0.14423400
0.05830000,17.70150000,0.18083800
0.05886000,17.72720000,0.21386900
0.05886000,17.89300000,0.25135800
0.05974000,17.04710000,0.61692500
0.06092000,17.77900000,0.17552500
0.06099000,17.91010000,0.12094400
0.06099000,17.93950000,0.15828300
0.06121000,17.88530000,0.19615900
0.06137000,17.70780000,0.19427700
0.06137000,17.71610000,0.13939500
0.06153000,17.82170000,0.18131700
0.06372000,18.09870000,0.20474500
0.06384000,17.76670000,0.15349800
0.06446000,17.82560000,0.15205000
0.06533000,17.83210000,0.15063400
0.06627000,18.10870000,0.20151100
0.06654000,17.90970000,0.29495600
0.06711000,18.17070000,0.19252800
0.06725000,17.98140000,0.20120200
0.06786000,18.24050000,0.18857600
0.06844000,17.98510000,0.18930600
0.06886000,18.16830000,0.15702000
0.06897000,18.02870000,0.17203800
0.07023000,18.04140000,0.27636600
0.07056000,18.04310000,0.22529600
0.07056000,18.02450000,0.21059900
0.07073000,18.22570000,0.17410100
0.07083000,18.22840000,0.44625200
0.07089000,18.20130000,0.24633500
0.07090000,18.47610000,0.50110000
0.07091000,18.11820000,0.22665400
0.07116000,18.10220000,0.19414300
0.07158000,17.99640000,0.15879100
0.07167000,18.16250000,0.20720500
0.07193000,18.30880000,0.17878800
0.07222000,18.37890000,0.19786100
0.07252000,18.36950000,0.30356500
0.07393000,18.30050000,0.17442500
0.07440000,18.18160000,0.22040600
0.07446000,18.19710000,0.19021100
0.07520000,18.22330000,0.17772200
0.07520000,18.31260000,0.15262400
0.07560000,18.56120000,0.28788500
0.07575000,18.29310000,0.21548600
0.07588000,18.38120000,0.19647800
0.07845000,18.31850000,0.14794900
0.07859000,18.57850000,0.14356100
0.07875000,18.76240000,0.23772300
0.07875000,18.84120000,0.17808400
0.07895000,18.34580000,0.50261400
0.07906000,18.53130000,0.23666400
0.07931000,18.27700000,0.14472000
0.07991000,18.34730000,0.15547800
0.08009000,18.41380000,0.11619300
0.08167000,18.46850000,0.21798200
0.08245000,18.56620000,0.21592500
0.08282000,18.42440000,0.26426200
0.08309000,18.74090000,0.19324100
0.08410000,18.71560000,0.21994300
0.08572000,18.58760000,0.12569600
0.08704000,18.59540000,0.21512200
0.08870000,18.52420000,0.25173700
0.09039000,18.66720000,0.21535400
0.09089000,18.77390000,0.16536300
0.09205000,18.90720000,0.26496900
0.09293000,18.96960000,0.49255300
0.09950000,19.18470000,0.19283200
0.10165000,19.04520000,0.16334000
0.10221000,19.15550000,0.18545700
0.10246000,18.99810000,0.19771800
0.10294000,18.92850000,0.18428300
0.10361000,19.08080000,0.12346200
0.10374000,18.95490000,0.19459200
0.10507000,19.17650000,0.23463400
0.10661000,19.00810000,0.19366400
0.10707000,19.20940000,0.14869000
0.10711000,19.17650000,0.20872700
0.10713000,19.52710000,0.46776300
0.10774000,19.24540000,0.17802300
0.10794000,19.14870000,0.18514900
0.10908000,19.14860000,0.13041700
0.11001000,19.31710000,0.17770100
0.11259000,19.36840000,0.16095200
0.11388000,19.13460000,0.19304400
0.11650000,19.28780000,0.15760100
0.11653000,19.37720000,0.18377000
0.11760000,19.31970000,0.23811000
0.11792000,19.35580000,0.21271200
0.11818000,19.16270000,0.12415600
0.11901000,19.30990000,0.21065700
0.12014000,19.34280000,0.19836600
0.12058000,19.53960000,0.25080800
0.12086000,19.38180000,0.30142000
0.12207000,19.34150000,0.15559000
0.12231000,19.35890000,0.22956000
0.12278000,19.43230000,0.14204000
0.12316000,19.34370000,0.27331100
0.12357000,19.36340000,0.15989900
0.12377000,19.54790000,0.33227200
0.12383000,19.57120000,0.14787900
0.12393000,19.39740000,0.14327600
0.12405000,19.58200000,0.21988000
0.12472000,19.50860000,0.12294000
0.12560000,19.88870000,0.29772200
0.12623000,19.24260000,0.29210300
0.12706000,19.55950000,0.25827200
0.12710000,19.43190000,0.27958400
0.12720000,19.48990000,0.15720600
0.12732000,19.53110000,0.17484100
0.12920000,19.50170000,0.14854500
0.12921000,19.58730000,0.21107500
0.12950000,19.58000000,0.24898200
0.12958000,19.58990000,0.14017100
0.13169000,19.54900000,0.13184000
0.13281000,19.53110000,0.11915600
0.13366000,19.57360000,0.28243000
0.13372000,19.59040000,0.15536700
0.13477000,19.98360000,0.19752000
0.13535000,19.82450000,0.31216500
0.13614000,19.72410000,0.20485500
0.13658000,19.59450000,0.19369600
0.13700000,19.75650000,0.22266500
0.13713000,19.70860000,0.25772500
0.13745000,20.09810000,0.22880400
0.13822000,19.63270000,0.12561300
0.13826000,19.69730000,0.15744100
0.13840000,19.76990000,0.12128100
0.13851000,19.78710000,0.31794000
0.13875000,19.74690000,0.17393900
0.13880000,19.79370000,0.12792400
0.13955000,19.76830000,0.14324500
0.14082000,19.92450000,0.18202800
0.14104000,20.03050000,0.20171500
0.14123000,19.78770000,0.21070600
0.14134000,19.87070000,0.25946300
0.14325000,19.79400000,0.15831600
0.14345000,20.26240000,0.36966500
0.14359000,19.86050000,0.12664700
0.14404000,19.82260000,0.16844400
0.14423000,19.76300000,0.23944200
0.14542000,19.89880000,0.20842100
0.14638000,19.93270000,0.20564300
0.14652000,19.90500000,0.18562400
0.14737000,19.76240000,0.19564000
0.14747000,19.71420000,0.16966800
0.14771000,19.88100000,0.18684500
0.14778000,19.90800000,0.16802200
0.14803000,19.97550000,0.18300400
0.14806000,19.78520000,0.15560600
0.14834000,19.77090000,0.14010500
0.14898000,19.90760000,0.17284400
0.14940000,19.85740000,0.17312300
0.15050000,19.85280000,0.16788100
0.15084000,19.91570000,0.13137300
0.15195000,19.79470000,0.15645600
0.15291000,20.07090000,0.17108100
0.15318000,19.96450000,0.12486800
0.15336000,19.84610000,0.15763300
0.15341000,20.00340000,0.17732900
0.15357000,20.11090000,0.17337800
0.15511000,19.95460000,0.16569600
0.15526000,20.02500000,0.15551700
0.15536000,20.14640000,0.17377300
0.15601000,19.71740000,0.17715900
0.15671000,19.95570000,0.20854800
0.15856000,19.82640000,0.16147300
0.15921000,20.17370000,0.28239900
0.15931000,19.69730000,0.14135900
0.15948000,19.83780000,0.14047400
0.16004000,19.78980000,0.26929800
0.16008000,19.97560000,0.16552700
0.16053000,19.95270000,0.21536700
0.16061000,20.17120000,0.25895600
0.16077000,19.96320000,0.20752100
0.16122000,20.05760000,0.24483800
0.16236000,20.07220000,0.22243100
0.16375000,20.02770000,0.19917600
0.16448000,20.01040000,0.19748200
0.16471000,20.07630000,0.13681400
0.16495000,20.06520000,0.14848300
0.16603000,20.24080000,0.24037600
0.16606000,19.92870000,0.19160300
0.16828000,20.02270000,0.16361300
0.16924000,20.26250000,0.18086700
0.16971000,20.41910000,0.27356800
0.17042000,20.22120000,0.12990800
0.17124000,20.28940000,0.27417500
0.17169000,20.20730000,0.21301000
0.17256000,20.24910000,0.17534200
0.17270000,20.01460000,0.14993200
0.17297000,20.47330000,0.25112100
0.17331000,20.13410000,0.12905400
0.17374000,20.28730000,0.18117900
0.17378000,20.09630000,0.14907600
0.17392000,20.34560000,0.31738200
0.17417000,20.32040000,0.13444300
0.17420000,20.07870000,0.15192800
0.17438000,20.25230000,0.18197900
0.17443000,20.30160000,0.22939000
0.17444000,20.23190000,0.16038800
0.17498000,20.49040000,0.18000000
0.17666000,20.26340000,0.13274900
0.17713000,20.25650000,0.17353500
0.17737000,20.22410000,0.13560200
0.17786000,20.08640000,0.25593500
0.17791000,20.39470000,0.12874500
0.17852000,20.71390000,0.20610300
0.17901000,20.38800000,0.15500500
0.17911000,20.51420000,0.19965000
0.17931000,20.28250000,0.22823700
0.17952000,20.29790000,0.27927200
0.17973000,20.29890000,0.17253500
0.17975000,20.34320000,0.20717700
0.18004000,20.74490000,0.26671700
0.18050000,20.11580000,0.13494500
0.18073000,20.25050000,0.13099100
0.18078000,20.46360000,0.17711200
0.18082000,20.38610000,0.13123400
0.18086000,20.36210000,0.24472200
0.18092000,20.36830000,0.20623100
0.18126000,20.40550000,0.22434200
0.18136000,20.23380000,0.13131000
0.18145000,20.14230000,0.23361900
0.18217000,20.33330000,0.19924100
0.18229000,20.27290000,0.14740600
0.18231000,20.43550000,0.15002900
0.18252000,20.52910000,0.17525100
0.18360000,20.34650000,0.29295000
0.18375000,20.42700000,0.14914400
0.18389000,20.49900000,0.19557500
0.18402000,20.54300000,0.21670200
0.18458000,20.68540000,0.28117100
0.18459000,20.53610000,0.14007700
0.18484000,20.40180000,0.27550000
0.18493000,20.36000000,0.13213300
0.18506000,20.49050000,0.15702100
0.18515000,20.38170000,0.15815300
0.18522000,20.28970000,0.17005900
0.18527000,20.53520000,0.13671700
0.18667000,20.50290000,0.14196300
0.18728000,20.51640000,0.13401700
0.18809000,20.49210000,0.18955300
0.18906000,20.18540000,0.14711300
0.18908000,20.55590000,0.25484200
0.18929000,20.68290000,0.22735600
0.18929000,20.88780000,0.19869700
0.18948000,20.48830000,0.20744800
0.18952000,20.50940000,0.23711400
0.18995000,20.47560000,0.22309700
0.19025000,20.62770000,0.15566600
0.19042000,20.43620000,0.29373400
0.19044000,20.66520000,0.15246900
0.19413000,20.54530000,0.21718500
0.19434000,20.62570000,0.22035400
0.19546000,20.88130000,0.40305200
0.19553000,20.45810000,0.15427200
0.19557000,20.65520000,0.19406500
0.19568000,20.70500000,0.21060100
0.19616000,20.47580000,0.12185700
0.19621000,20.52170000,0.15563700
0.19627000,20.58670000,0.25321500
0.19635000,20.63970000,0.29217500
0.19733000,20.54880000,0.13898100
0.19741000,20.44020000,0.12805700
0.19782000,20.23900000,0.18723400
0.19817000,20.50310000,0.18053600
0.19828000,20.63490000,0.17230600
0.19861000,21.07160000,0.23706400
0.19877000,20.63510000,0.20975600
0.19878000,20.63600000,0.17240100
0.19908000,20.76860000,0.21595600
0.19953000,20.59810000,0.25278900
0.19961000,20.42340000,0.24466900
0.19970000,20.64350000,0.16941200
0.20077000,20.43070000,0.19309700
0.20083000,20.73080000,0.25151100
0.20087000,20.51420000,0.31497200
0.20128000,20.60450000,0.21526600
0.20231000,20.36540000,0.19627600
0.20249000,20.74190000,0.15740400
0.20279000,20.58430000,0.18298400
0.20320000,20.71280000,0.14411900
0.20329000,20.62920000,0.16464600
0.20331000,20.67470000,0.17168900
0.20334000,20.68050000,0.21443400
0.20382000,20.65110000,0.16934200
0.20469000,20.62790000,0.15771700
0.20483000,20.58970000,0.20051300
0.20523000,20.91310000,0.22610800
0.20562000,20.55960000,0.17284700
0.20691000,20.66950000,0.27852500
0.20748000,21.06300000,0.33257200
0.20751000,20.81950000,0.14650500
0.20840000,20.47690000,0.27083900
0.20856000,20.62280000,0.14427300
0.20868000,20.85040000,0.23798100
0.20870000,20.61090000,0.19584300
0.20879000,20.62680000,0.15735100
0.20948000,20.58830000,0.26074400
0.21015000,20.89490000,0.14640900
0.21037000,20.20130000,0.18406300
0.21084000,20.71020000,0.22137600
0.21095000,20.55300000,0.15335900
0.21114000,20.70220000,0.16101600
0.21134000,20.88850000,0.26474600
0.21174000,20.71460000,0.22891100
0.21200000,20.66060000,0.19261400
0.21225000,20.68440000,0.24222600
0.21350000,20.76880000,0.16306000
0.21365000,20.75540000,0.18840500
0.21398000,20.63440000,0.19563400
0.21440000,20.76490000,0.29768200
0.21507000,20.62950000,0.47712300
0.21521000,21.21110000,0.22783600
0.21578000,20.97230000,0.25730400
0.21650000,20.57230000,0.13893600
0.21689000,20.81420000,0.18845900
0.21692000,20.84020000,0.18332300
0.21742000,20.88650000,0.26825600
0.21794000,20.74120000,0.17274000
0.21845000,20.96860000,0.20262600
0.21881000,20.88860000,0.24612000
0.21897000,20.93950000,0.23921000
0.21898000,20.87620000,0.21715000
0.21899000,20.77660000,0.12799800
0.21941000,20.75180000,0.20721000
0.21950000,20.85680000,0.15773700
0.21972000,20.80860000,0.12135200
0.21978000,20.83520000,0.17126100
0.21990000,20.98570000,0.21853300
0.22017000,20.66980000,0.24144100
0.22066000,20.93460000,0.22365000
0.22083000,20.82680000,0.26545200
0.22132000,20.79110000,0.14068700
0.22132000,20.80580000,0.20296800
0.22150000,20.94070000,0.16395400
0.22299000,21.07270000,0.27993000
0.22349000,20.89810000,0.16508400
0.22385000,20.76320000,0.17069600
0.22449000,20.87630000,0.19535300
0.22449000,20.69190000,0.24428700
0.22493000,20.85960000,0.15833100
0.22542000,20.89610000,0.17192800
0.22543000,20.87990000,0.18698400
0.22551000,20.93260000,0.19559000
0.22578000,20.73350000,0.17388000
0.22645000,21.13820000,0.19925700
0.22726000,20.84400000,0.22688700
0.22818000,20.97060000,0.18139700
0.22865000,20.90740000,0.30705700
0.22928000,20.96990000,0.20059600
0.22978000,20.88210000,0.18611800
0.23020000,20.87530000,0.22583600
0.23041000,21.05320000,0.25870400
0.23082000,20.81870000,0.29561700
0.23086000,20.85190000,0.20291900
0.23092000,21.04280000,0.22467300
0.23125000,21.06390000,0.18782300
0.23162000,20.94800000,0.22529400
0.23164000,20.83450000,0.23572400
0.23205000,20.95150000,0.15720500
0.23282000,20.58110000,0.17888000
0.23367000,20.93270000,0.25362600
0.23378000,21.16180000,0.19450400
0.23391000,20.92580000,0.29088900
0.23395000,20.88590000,0.21239000
0.23472000,20.93820000,0.32687700
0.23481000,21.02540000,0.16551500
0.23494000,20.90500000,0.18124200
0.23520000,20.90990000,0.27382600
0.23556000,20.98060000,0.21249400
0.23639000,21.12750000,0.15337600
0.23662000,21.01060000,0.15438300
0.23664000,21.21440000,0.19123400
0.23685000,20.86600000,0.23510600
0.23693000,20.97490000,0.20849600
0.23721000,20.97150000,0.20215300
0.23746000,21.48350000,0.30452200
0.23789000,20.97870000,0.17014300
0.23950000,20.65290000,0.20665300
0.23981000,20.87700000,0.17875800
0.24020000,21.13170000,0.26284300
0.24085000,21.14860000,0.16453500
0.24122000,21.07610000,0.12783400
0.24151000,20.86840000,0.18214600
0.24164000,20.91900000,0.26027800
0.24220000,21.31100000,0.21970300
0.24280000,21.16870000,0.21819400
0.24284000,21.32040000,0.25770900
0.24329000,20.99860000,0.14054400
0.24354000,21.28500000,0.30512600
0.24410000,21.04260000,0.24130800
0.24444000,20.95340000,0.22005300
0.24459000,20.87330000,0.18417500
0.24511000,21.08060000,0.20779600
0.24523000,21.24270000,0.17962500
0.24553000,21.10520000,0.21780100
0.24585000,21.17880000,0.16516700
0.24617000,21.09430000,0.14695600
0.24650000,21.12500000,0.16921000
0.24656000,21.02990000,0.21303500
0.24660000,21.13770000,0.15278200
0.24711000,20.94530000,0.13475500
0.24846000,20.95000000,0.17510100
0.24860000,21.23820000,0.21423400
0.24861000,21.17460000,0.19376200
0.24862000,21.11270000,0.26016600
0.24865000,21.07260000,0.17626900
0.24896000,21.17400000,0.17858900
0.24909000,21.06370000,0.16516600
0.24972000,21.42030000,0.21894800
0.24983000,21.04310000,0.20502600
0.24986000,21.13850000,0.16147300
0.25019000,21.34350000,0.22286500
0.25022000,21.12340000,0.21654200
0.25043000,21.16150000,0.17757500
0.25051000,21.31620000,0.18678300
0.25063000,21.04790000,0.18633100
0.25090000,21.13430000,0.20079700
0.25199000,21.21680000,0.20558200
0.25260000,21.20920000,0.16429300
0.25260000,21.15360000,0.25773900
0.25330000,21.11580000,0.15471100
0.25358000,20.77730000,0.26143200
0.25407000,21.20160000,0.16557500
0.25616000,21.39280000,0.19228900
0.25620000,21.30630000,0.27033000
0.25637000,21.11990000,0.20554600
0.25683000,21.24930000,0.25028700
0.25731000,21.32460000,0.24849900
0.25736000,21.24110000,0.19171400
0.25772000,21.35580000,0.22368700
0.25813000,21.27500000,0.22963200
0.25859000,21.21330000,0.20753200
0.25865000,21.25700000,0.14733100
0.25904000,21.28880000,0.16145700
0.25919000,21.03490000,0.17655100
0.25923000,21.17250000,0.16069000
0.25948000,21.27080000,0.23227700
0.25952000,21.18900000,0.16781900
0.26062000,21.25030000,0.16914700
0.26094000,21.35980000,0.18396100
0.26141000,21.19400000,0.20576200
0.26162000,21.16520000,0.22392000
0.26172000,21.43440000,0.25753000
0.26173000,21.42800000,0.23172500
0.26175000,21.13900000,0.22440800
0.26184000,21.44050000,0.24765800
0.26200000,21.46860000,0.21520600
0.26303000,22.01110000,0.51392500
0.26323000,21.38580000,0.16793600
0.26360000,21.14670000,0.17527800
0.26393000,21.30580000,0.16551600
0.26397000,21.05050000,0.20406400
0.26408000,21.38120000,0.38008800
0.26419000,21.25440000,0.23692100
0.26460000,21.26230000,0.19611500
0.26463000,21.41890000,0.25504900
0.26582000,21.35570000,0.21806300
0.26583000,21.07140000,0.20433300
0.26640000,21.03710000,0.26359900
0.26700000,21.29330000,0.20311600
0.26791000,21.25730000,0.20025300
0.26818000,21.20930000,0.23046700
0.26859000,21.32600000,0.18922500
0.26860000,21.20230000,0.23888300
0.26887000,21.35090000,0.21547100
0.27020000,21.38330000,0.19514300
0.27021000,21.25590000,0.16264000
0.27057000,21.26090000,0.20756100
0.27094000,21.23570000,0.16391600
0.27141000,21.31470000,0.12041400
0.27276000,21.28850000,0.17108500
0.27351000,21.21910000,0.20693200
0.27456000,21.48690000,0.29182100
0.27509000,21.52390000,0.23789400
0.27516000,21.27560000,0.24035400
0.27585000,21.41010000,0.21186200
0.27631000,21.42190000,0.17802500
0.27668000,21.59740000,0.27089300
0.27776000,21.36560000,0.24324600
0.27782000,21.66570000,0.17597100
0.27935000,21.45070000,0.16210200
0.27990000,21.25260000,0.19748300
0.27995000,21.31340000,0.15093500
0.28060000,21.41330000,0.15069700
0.28132000,21.36940000,0.17266500
0.28207000,21.34560000,0.16442700
0.28266000,21.49100000,0.29612700
0.28344000,21.40660000,0.18239000
0.28405000,21.32050000,0.15175100
0.28446000,21.29010000,0.18459800
0.28446000,21.43890000,0.20532200
0.28478000,21.86050000,0.35028600
0.28557000,21.45160000,0.18401800
0.28588000,21.41800000,0.17108800
0.28665000,21.38590000,0.21582600
0.28734000,21.31610000,0.24893700
0.28758000,21.28490000,0.23735500
0.28775000,21.62230000,0.22561400
0.28814000,21.45450000,0.18606200
0.28844000,21.49600000,0.13517800
0.28854000,21.49280000,0.16320000
0.28894000,21.69030000,0.22442000
0.28901000,21.48980000,0.22689700
0.28905000,21.42330000,0.16586900
0.28907000,21.44900000,0.27590600
0.28949000,21.72350000,0.25468700
0.28995000,21.48630000,0.27009100
0.29008000,21.47680000,0.23293300
0.29045000,21.53310000,0.22926500
0.29123000,21.23100000,0.21747600
0.29193000,21.50760000,0.17564400
0.29196000,21.51230000,0.17006900
0.29215000,21.49750000,0.48297400
0.29221000,21.16990000,0.29122200
0.29251000,21.38480000,0.22722700
0.29256000,21.44220000,0.22320900
0.29293000,21.49280000,0.17219800
0.29298000,21.57380000,0.20175700
0.29365000,21.60400000,0.20304700
0.29504000,21.50900000,0.17166800
0.29580000,21.76790000,0.30672700
0.29587000,21.74590000,0.16356600
0.29647000,21.74080000,0.36505700
0.29692000,21.40650000,0.20081400
0.29695000,21.49750000,0.20876200
0.29853000,22.01750000,0.23116000
0.29855000,21.40090000,0.27154400
0.29893000,21.66650000,0.25361600
0.29933000,21.75830000,0.34061200
0.29945000,21.76830000,0.19411200
0.29947000,21.48050000,0.18449900
0.30020000,21.73070000,0.19630900
0.30030000,21.62650000,0.24570900
0.30089000,21.91990000,0.29348600
0.30142000,21.60550000,0.18979100
0.30152000,21.85560000,0.20427000
0.30251000,21.63640000,0.22312200
0.30304000,21.56740000,0.27337200
0.30352000,21.66740000,0.13994100
0.30365000,21.82480000,0.19567200
0.30404000,21.46600000,0.22044200
0.30406000,21.45220000,0.18050800
0.30476000,21.78810000,0.24129600
0.30486000,21.64880000,0.13748900
0.30526000,21.33940000,0.30552000
0.30538000,21.65240000,0.13108700
0.30548000,21.75110000,0.22460800
0.30581000,21.69210000,0.16327500
0.30652000,21.64290000,0.19974900
0.30681000,21.90700000,0.23756600
0.30691000,21.70430000,0.14760900
0.30818000,21.94880000,0.13701600
0.30834000,21.70030000,0.25262600
0.30878000,21.74240000,0.15000600
0.30922000,21.79300000,0.24918000
0.30938000,21.72270000,0.26902800
0.30949000,21.76470000,0.29921300
0.30962000,21.46700000,0.25575600
0.31052000,21.36670000,0.33533600
0.31061000,21.74320000,0.21973900
0.31088000,21.79300000,0.18063100
0.31144000,21.75930000,0.13914800
0.31179000,21.78470000,0.20918900
0.31203000,21.69730000,0.15815800
0.31262000,21.70350000,0.14725400
0.31267000,21.78220000,0.27816700
0.31270000,21.37090000,0.20442400
0.31296000,21.76650000,0.20170000
0.31303000,21.75310000,0.17472100
0.31387000,21.76980000,0.21272700
0.31453000,21.87210000,0.15335200
0.31506000,21.76640000,0.22619900
0.31520000,21.63070000,0.21830100
0.31588000,21.95030000,0.23173600
0.31593000,21.68000000,0.22603100
0.31623000,21.94490000,0.27275800
0.31782000,21.82080000,0.19405200
0.31804000,21.82420000,0.16501900
0.31822000,21.76690000,0.15109600
0.31850000,22.08150000,0.32681200
0.31901000,21.88800000,0.17561000
0.31901000,21.64110000,0.20208000
0.32096000,21.97850000,0.20553000
0.32104000,21.70160000,0.15402500
0.32118000,21.93910000,0.29219900
0.32206000,21.47410000,0.19742800
0.32223000,21.60980000,0.15586400
0.32223000,21.62440000,0.13612100
0.32276000,21.67860000,0.21017700
0.32446000,21.81690000,0.12355200
0.32548000,21.97430000,0.19137000
0.32560000,22.00950000,0.25385400
0.32580000,21.91090000,0.26992700
0.32581000,21.79480000,0.13912000
0.32632000,21.79740000,0.15486500
0.32804000,21.74720000,0.16969900
0.32842000,22.05490000,0.30724400
0.32848000,22.09800000,0.27738800
0.32851000,21.68100000,0.29441500
0.32868000,21.81860000,0.14804300
0.32868000,21.84700000,0.14162100
0.32871000,21.67460000,0.22054900
0.32907000,21.80360000,0.16293000
0.32941000,22.15790000,0.30939600
0.32952000,21.98610000,0.16024000
0.32968000,21.85010000,0.11158300
0.32995000,21.59140000,0.20806800
0.33047000,21.97760000,0.12880700
0.33056000,21.91440000,0.21272000
0.33063000,21.91590000,0.22950700
0.33089000,21.90560000,0.23792600
0.33090000,21.74300000,0.21032200
0.33103000,21.75680000,0.13443200
0.33147000,21.77710000,0.21701800
0.33147000,21.98050000,0.28420100
0.33147000,21.84820000,0.16382600
0.33189000,21.76190000,0.14144500
0.33237000,21.72400000,0.15692700
0.33298000,22.07690000,0.19985900
0.33350000,21.74950000,0.13930400
0.33350000,21.78360000,0.17404100
0.33450000,21.86740000,0.23416900
0.33498000,21.77210000,0.16973000
0.33510000,21.77120000,0.17586700
0.33671000,21.78370000,0.18225100
0.33749000,21.91480000,0.27734200
0.33751000,21.75680000,0.23569900
0.33762000,21.89470000,0.17401900
0.33778000,21.90070000,0.23229800
0.33818000,21.89200000,0.20951000
0.33848000,21.86010000,0.19858500
0.33897000,21.80250000,0.35548700
0.34061000,21.92070000,0.19051900
0.34098000,21.80570000,0.19241500
0.34111000,21.81110000,0.25367000
0.34169000,21.95920000,0.31987100
0.34446000,22.05510000,0.15005800
0.34448000,22.03840000,0.29798200
0.34487000,21.98030000,0.16953400
0.34545000,21.95030000,0.22862200
0.34602000,22.07880000,0.13399000
0.34696000,22.16330000,0.36936000
0.34717000,21.86440000,0.24277500
0.34881000,22.11910000,0.21674000
0.34910000,21.99690000,0.15628900
0.34912000,22.02900000,0.20425900
0.34932000,21.88760000,0.15562900
0.34939000,21.95030000,0.16642800
0.34949000,21.75200000,0.22470200
0.34949000,22.12260000,0.16929200
0.34949000,21.89960000,0.20405300
0.34968000,22.23430000,0.28641400
0.35015000,21.93370000,0.14451500
0.35059000,21.98120000,0.16087100
0.35099000,22.00020000,0.15910300
0.35149000,22.22680000,0.20775800
0.35149000,22.08130000,0.13631500
0.35372000,22.11270000,0.19003500
0.35519000,22.21170000,0.22140200
0.35774000,22.10440000,0.29071300
0.35800000,22.10090000,0.21355200
0.35842000,21.98930000,0.21429800
0.35850000,21.89540000,0.28773100
0.35909000,21.90020000,0.30448200
0.35909000,22.18990000,0.16896500
0.35946000,22.16830000,0.15209200
0.36017000,21.93400000,0.18924400
0.36034000,21.82610000,0.22870000
0.36091000,22.17980000,0.19567500
0.36147000,21.86290000,0.28675300
0.36280000,21.99220000,0.20825400
0.36325000,22.11100000,0.21340000
0.36499000,22.20960000,0.29031300
0.36623000,21.88300000,0.22460800
0.36656000,21.97970000,0.15329700
0.36713000,21.95580000,0.14949300
0.36790000,22.00970000,0.16335900
0.36799000,22.21690000,0.15605700
0.36839000,22.29490000,0.33534300
0.36857000,22.21000000,0.34449400
0.36962000,22.19680000,0.24285700
0.36987000,21.96550000,0.25361200
0.37023000,22.12640000,0.18683700
0.37052000,22.12290000,0.16099300
0.37053000,22.13030000,0.15773100
0.37057000,22.38650000,0.25520700
0.37062000,22.02000000,0.28111300
0.37062000,21.81680000,0.13314400
0.37095000,22.15680000,0.38958600
0.37138000,22.08100000,0.16592200
0.37153000,22.13120000,0.11347000
0.37153000,22.17590000,0.16320000
0.37353000,22.05840000,0.13027000
0.37436000,22.21920000,0.23322800
0.37676000,22.16250000,0.15233600
0.37805000,22.10680000,0.22154400
0.37852000,22.17410000,0.18039200
0.37991000,22.04290000,0.21825500
0.37997000,22.16240000,0.16155500
0.38061000,22.20840000,0.18609600
0.38092000,22.19810000,0.19961600
0.38129000,22.20190000,0.20233700
0.38153000,22.42450000,0.21731200
0.38185000,22.30850000,0.19705700
0.38248000,22.11960000,0.26379600
0.38291000,22.11480000,0.20481300
0.38402000,22.26520000,0.20002600
0.38600000,22.26870000,0.14969800
0.38672000,22.12610000,0.26945800
0.38744000,22.30370000,0.27213800
0.38781000,22.37720000,0.28260600
0.38895000,22.13000000,0.19774300
0.38949000,22.29100000,0.19026900
0.39255000,22.22120000,0.23574700
0.39510000,22.21470000,0.20185000
0.39706000,22.00600000,0.16635800
0.39944000,22.45890000,0.28655100
0.40050000,22.23880000,0.15602000
0.40221000,22.22650000,0.19768800
0.40293000,22.29480000,0.28914400
0.40368000,22.36300000,0.21211600
0.40463000,22.42170000,0.16383700
0.40483000,22.08430000,0.20022100
0.40550000,22.52770000,0.13280100
0.40646000,22.43840000,0.16664200
0.40895000,22.44720000,0.23850000
0.40920000,22.48750000,0.36265000
0.40935000,22.45310000,0.27362900
0.40949000,22.42540000,0.17006300
0.41004000,22.43060000,0.27866300
0.41123000,22.40900000,0.31694100
0.41140000,22.58050000,0.24117100
0.41161000,22.56010000,0.14664100
0.41266000,22.53630000,0.32902200
0.41657000,22.47650000,0.14674500
0.41857000,22.36440000,0.20028800
0.41936000,22.43330000,0.19069700
0.41939000,22.20740000,0.22099600
0.41960000,22.61320000,0.22299200
0.41965000,22.54510000,0.23420500
0.41995000,22.18640000,0.29317500
0.42036000,22.58130000,0.34312700
0.42088000,22.36480000,0.17435100
0.42094000,22.47500000,0.24865600
0.42195000,22.28060000,0.26947200
0.42247000,22.39530000,0.23012800
0.42249000,22.42660000,0.27412200
0.42348000,22.34250000,0.18450000
0.42360000,22.58730000,0.39990600
0.42399000,22.47340000,0.13142600
0.42459000,22.49530000,0.19396100
0.42568000,22.45090000,0.19359400
0.42602000,22.49870000,0.17335900
0.42700000,22.56000000,0.22794500
0.42703000,22.58180000,0.19647700
0.42793000,23.02270000,0.23707800
0.42859000,22.62950000,0.40263900
0.42895000,22.39130000,0.19150400
0.42903000,22.57360000,0.24929900
0.42976000,22.66890000,0.19622200
0.43020000,22.58240000,0.16356900
0.43494000,22.52980000,0.18167900
0.43546000,22.33090000,0.13089400
0.43683000,22.75210000,0.17978400
0.43760000,22.37230000,0.16393200
0.43783000,22.62900000,0.35585400
0.43890000,22.21490000,0.20946100
0.43891000,22.41520000,0.27865600
0.43935000,22.57320000,0.20097800
0.44013000,22.88710000,0.44109000
0.44067000,22.38340000,0.15788500
0.44149000,22.42930000,0.18157600
0.44245000,22.59930000,0.17077000
0.44263000,22.65090000,0.13706500
0.44361000,22.54000000,0.18020800
0.44391000,22.55390000,0.28908900
0.44764000,22.60220000,0.22232100
0.44886000,22.63230000,0.22016400
0.44891000,22.73450000,0.21395100
0.45068000,22.39160000,0.15535700
0.45106000,22.67510000,0.21171600
0.45162000,22.33620000,0.22372300
0.45162000,22.73930000,0.15234100
0.45163000,22.46320000,0.30418900
0.45218000,22.74290000,0.31893500
0.45328000,22.54230000,0.20602400
0.45346000,22.63330000,0.14155800
0.45458000,22.53430000,0.20748700
0.45477000,22.63100000,0.28286300
0.45885000,22.71490000,0.25073500
0.46064000,22.74910000,0.18902500
0.46104000,22.76320000,0.22866300
0.46164000,22.73090000,0.13578300
0.46643000,23.08940000,0.39557100
0.46654000,22.79500000,0.13321300
0.46842000,22.72030000,0.20437000
0.46887000,22.51010000,0.23247200
0.47042000,22.96210000,0.40361400
0.47065000,22.76050000,0.17860800
0.47163000,22.72680000,0.20917800
0.47204000,22.78440000,0.25548700
0.47565000,22.68500000,0.17504200
0.47786000,22.97390000,0.22667500
0.47941000,22.61650000,0.20208800
0.47946000,22.75770000,0.19714700
0.47988000,22.64260000,0.23625800
0.48064000,22.75110000,0.15807300
0.48065000,22.72180000,0.13657800
0.48164000,23.05250000,0.20915100
0.48888000,22.83120000,0.19789900
0.49244000,23.02530000,0.33431500
0.49499000,22.82910000,0.16278800
0.49566000,22.89230000,0.11786600
0.49579000,22.82870000,0.15155900
0.49739000,22.87380000,0.22423600
0.50067000,23.00400000,0.25237600
0.50098000,22.86350000,0.28184300
0.50282000,22.90800000,0.21687500
0.50285000,22.81730000,0.31170700
0.50306000,22.89540000,0.31010900
0.50316000,22.89140000,0.22708800
0.50593000,22.82600000,0.16450200
0.50615000,22.85130000,0.14928700
0.50725000,22.98280000,0.17894900
0.50739000,22.98890000,0.28755700
0.50825000,22.76630000,0.18232400
0.51016000,22.84150000,0.14185900
0.51095000,22.80530000,0.23755600
0.51169000,23.13550000,0.22567200
0.51387000,23.00370000,0.35864500
0.51437000,22.97290000,0.19429500
0.51469000,23.07290000,0.40201800
0.51726000,22.84020000,0.18851700
0.51883000,22.94190000,0.24896100
0.51885000,22.92940000,0.20781200
0.51941000,22.99080000,0.31395200
0.51968000,23.03750000,0.19459100
0.52271000,23.09660000,0.27259300
0.52400000,22.92440000,0.36824800
0.52620000,22.91720000,0.22163200
0.52859000,22.83250000,0.18688900
0.52937000,23.03830000,0.13841400
0.53099000,22.62720000,0.23274900
0.53111000,23.25790000,0.28800500
0.53124000,23.27230000,0.37997100
0.53225000,22.72910000,0.22033100
0.53271000,22.99420000,0.29311300
0.53372000,22.91190000,0.27248400
0.53435000,22.89030000,0.22367200
0.53534000,23.06750000,0.20291500
0.53572000,22.96040000,0.20776000
0.53942000,23.08080000,0.24298000
0.54097000,23.02610000,0.23188000
0.54152000,23.27700000,0.24096200
0.54545000,23.31030000,0.18949000
0.54834000,22.77050000,0.36221700
0.54881000,22.91650000,0.37759100
0.55021000,23.07230000,0.19401000
0.55033000,23.11980000,0.20670000
0.55046000,23.15740000,0.37529100
0.55267000,22.94080000,0.24265300
0.55375000,23.23700000,0.20536500
0.55384000,22.82970000,0.17534200
0.55782000,23.18590000,0.19331200
0.55882000,23.48010000,0.38234700
0.55882000,23.04450000,0.35519000
0.56181000,23.04070000,0.22622400
0.56269000,23.34860000,0.26386400
0.56283000,23.17660000,0.23315400
0.56437000,23.13980000,0.21945700
0.56437000,23.23510000,0.20582400
0.56437000,23.14390000,0.29528400
0.56481000,23.23430000,0.19084900
0.56879000,22.98770000,0.26094400
0.57542000,22.93820000,0.45206200
0.57577000,23.33850000,0.21144100
0.57619000,23.23570000,0.20029100
0.57668000,23.17330000,0.16464400
0.57737000,23.39200000,0.28969300
0.57830000,23.16440000,0.24335700
0.57831000,23.19820000,0.23966000
0.57882000,23.17420000,0.21268400
0.57891000,23.27870000,0.23010800
0.57967000,23.13930000,0.22957800
0.58067000,23.32000000,0.26110400
0.58080000,23.45310000,0.23829700
0.58301000,23.28780000,0.16584500
0.58330000,23.54440000,0.18423300
0.58382000,23.22350000,0.19664100
0.58382000,23.39590000,0.18276900
0.58390000,23.16690000,0.19753200
0.58582000,23.45400000,0.37199100
0.58730000,23.37110000,0.20123400
0.58879000,23.24910000,0.21836900
0.59029000,23.26260000,0.24678100
0.59179000,23.19780000,0.25439900
0.60067000,23.35860000,0.27752800
0.60155000,23.50320000,0.39385500
0.60328000,23.49730000,0.19827000
0.60626000,23.36280000,0.27374800
0.60827000,23.33740000,0.22678600
0.60876000,23.17520000,0.34928500
0.60878000,23.36490000,0.22916600
0.60981000,23.43460000,0.32034700
0.61071000,23.41560000,0.18224900
0.61127000,23.65190000,0.24621000
0.61177000,23.44800000,0.16220800
0.61577000,23.45550000,0.34622100
0.61875000,23.46340000,0.38781700
0.61941000,23.44180000,0.27397300
0.61983000,23.50270000,0.15249000
0.62070000,23.44580000,0.26677300
0.62183000,23.33640000,0.27429700
0.62525000,23.40470000,0.21344700
0.62725000,23.33200000,0.24254300
0.63077000,23.41020000,0.20105100
0.63183000,23.05810000,0.32583300
0.63225000,23.59630000,0.32253400
0.63399000,23.34420000,0.14511900
0.63777000,23.27680000,0.44205500
0.63794000,23.61070000,0.30964500
0.63824000,23.40640000,0.36652300
0.63873000,23.52740000,0.26025000
0.63934000,23.53700000,0.16971000
0.64185000,23.59460000,0.25551900
0.64311000,23.10790000,0.40694700
0.64371000,23.54620000,0.30866200
0.64371000,23.55040000,0.31537400
0.64770000,23.56600000,0.28716800
0.64852000,23.78670000,0.27102700
0.64870000,23.48050000,0.30950200
0.64962000,23.52750000,0.14711400
0.66213000,23.72630000,0.27846600
0.66470000,23.61680000,0.23242600
0.67072000,23.81470000,0.27346500
0.67773000,23.97210000,0.31062600
0.68190000,23.58460000,0.23784000
0.68372000,23.91860000,0.40683900
0.68519000,23.76360000,0.36517700
0.68872000,23.56070000,0.22489300
0.68935000,23.60050000,0.15442700
0.68936000,23.79140000,0.27064800
0.69072000,23.66130000,0.42500000
0.69318000,23.66320000,0.31687600
0.69718000,23.71620000,0.21101800
0.69818000,23.71410000,0.34174300
0.69918000,23.68720000,0.33738400
0.69918000,23.81610000,0.21364600
0.69932000,23.85770000,0.15354200
0.69992000,23.86170000,0.29414400
0.70070000,23.66400000,0.22155500
0.70117000,23.84380000,0.26018500
0.70192000,23.64320000,0.46192500
0.70192000,23.79030000,0.25130600
0.71571000,23.74140000,0.24444500
0.71874000,23.62090000,0.18648600
0.71968000,23.91080000,0.20275900
0.71969000,23.71700000,0.34116000
0.72015000,23.90820000,0.24165800
0.72074000,23.79290000,0.30397700
0.72674000,23.82810000,0.24689100
0.72774000,23.75500000,0.25567000
0.72866000,23.75200000,0.28220900
0.73014000,23.66560000,0.32082700
0.73161000,23.92690000,0.19455900
0.73368000,23.73150000,0.19403200
0.73395000,23.96700000,0.38734900
0.73495000,24.00070000,0.22298600
0.73568000,23.92770000,0.25568800
0.73596000,23.91450000,0.42478200
0.73675000,23.73900000,0.21318700
0.74196000,24.22830000,0.32401700
0.74276000,23.82950000,0.32606300
0.74573000,23.91450000,0.19330200
0.74607000,23.72870000,0.25330500
0.74911000,23.68660000,0.26109600
0.74930000,23.92420000,0.16097700
0.75074000,23.64820000,0.31757100
0.75899000,23.99390000,0.23158400
0.76076000,23.81370000,0.19934100
0.76110000,23.92370000,0.23508200
0.76165000,23.87800000,0.23834700
0.76566000,23.98390000,0.22381200
0.76666000,24.16940000,0.24870000
0.76674000,24.10930000,0.26889800
0.76709000,24.30570000,0.25572900
0.76865000,24.03990000,0.31050400
0.76932000,23.96380000,0.16048600
0.77309000,24.10380000,0.29384300
0.77929000,23.78650000,0.30991800
0.78807000,24.05120000,0.23047300
0.78907000,24.13070000,0.26982900
0.78928000,23.94650000,0.16334200
0.79662000,23.64960000,0.37111500
0.79863000,24.18080000,0.28687600
0.83981000,24.10700000,0.21011800
0.83981000,23.94820000,0.38948800
0.85482000,24.36380000,0.29869500
0.93585000,24.28010000,0.23841500
0.97423000,24.85810000,0.19970200
1.01242000,24.86470000,0.36609000
1.01988000,25.02270000,0.22428400
1.02088000,24.71760000,0.47470300
1.02789000,25.28340000,0.35235200
1.04817000,25.16990000,0.48801100
1.12092000,25.18750000,0.22199400
1.23225000,25.06770000,0.60989900
1.23597000,25.65200000,0.27240000
1.29911000,25.61110000,0.27396300
1.30410000,25.46760000,0.31536300
1.30611000,25.76670000,0.44434300
1.31317000,25.53370000,0.31519500
1.32910000,25.62150000,0.23681000
1.34101000,25.50110000,0.30520300
1.35136000,25.29620000,0.31731400
1.35608000,25.55640000,0.23674700
1.39103000,25.54140000,0.37337000
1.41633000,25.20490000,0.73528100
1.54290000,25.83720000,0.37003100
1.54901000,26.04000000,0.23220600
1.61505000,25.90650000,0.33192700
1.69706000,26.03330000,0.37952100
1.80119000,26.23350000,0.28068500
1.91165000,26.17030000,0.35762400
2.26137000,26.92980000,0.28001100
