family,relation,value,target_label,target_value,error_frac,error_pct,unit_sensitive,p_any_same_family,p_any_global
koide_mass,"Q(m_e, m_mu, m_tau)",0.6666608359108475,2/3,0.6666666666666666,8.746133728754213e-06,0.0008746133728754213,False,0.12988701129887012,0.21907809219078092
koide_mass,"Q(m_mu, m_s, M_W)",0.8750376033183008,7/8,0.875,4.2975220915231205e-05,0.0042975220915231205,False,0.5071492850714928,0.7111288871112889
koide_dimless,"Q(alpha_em, alpha_s, sin2_theta_w)",0.4285371323099832,3/7,0.42857142857142855,8.00246100391607e-05,0.00800246100391607,False,0.2348765123487651,0.9021097890210978
koide_dimless,"Q(ckm_s23, pmns_s23, pmns_s13)",0.4444961059908119,4/9,0.4444444444444444,0.00011623847932684672,0.011623847932684672,False,0.3254674532546745,0.9661033896610339
sum_rule,"S(ew_bosons; p=-0.5, q=0.0, r=-1.0)",0.9168446890778772,11/12,0.9166666666666666,0.00019420626677516236,0.019420626677516237,True,0.559044095590441,0.9962003799620038
sum_rule,"S(ew_bosons; p=0.0, q=-0.5, r=-1.0)",0.9168446890778772,11/12,0.9166666666666666,0.00019420626677516236,0.019420626677516237,True,0.559044095590441,0.9962003799620038
sum_rule,"S(all_quarks; p=1.0, q=0.5, r=2.0)",0.6365038875028305,7/11,0.6363636363636364,0.0002203946473050714,0.02203946473050714,True,0.6018398160183982,0.9981001899810019
sum_rule,"S(all_mass_scales; p=0.5, q=-0.5, r=1.0)",0.7144554897921646,5/7,0.7142857142857143,0.00023768570903035525,0.023768570903035524,True,0.631036896310369,0.9988001199880012
koide_mass,"Q(m_mu, m_c, m_b)",0.4544319363394112,5/11,0.45454545454545453,0.000249740053295322,0.0249740053295322,False,0.9854014598540146,0.9989001099890011
koide_dimless,"Q(alpha_s, pmns_s23, pmns_s13)",0.40010521246230474,2/5,0.4,0.00026303115576178926,0.026303115576178926,False,0.5784421557844216,0.999000099990001
koide_mass,"Q(m_d, M_Z, M_H)",0.49984650327782687,1/2,0.5,0.00030699344434625964,0.030699344434625964,False,0.9948005199480052,0.9997000299970003
sum_rule,"S(up_quarks; p=0.5, q=-0.5, r=1.0)",0.6365646962015048,7/11,0.6363636363636364,0.0003159511737932703,0.03159511737932703,True,0.7385261473852615,0.9997000299970003
koide_dimless,"Q(ckm_s12, ckm_s13, pmns_s23)",0.499836425138037,1/2,0.5,0.0003271497239260013,0.03271497239260013,False,0.6581341865813418,0.9998000199980002
sum_rule,"S(up_quarks; p=1.0, q=-1.0, r=1.0)",0.37485682188459135,3/8,0.375,0.00038180830775639646,0.03818083077563965,True,0.802019798020198,1.0
ratio_mass,m_c/m_s,13.597430406852249,5e/1,13.591409142295225,0.00044301988807667276,0.044301988807667274,False,0.6085391460853915,1.0
ratio_mass,M_Z/M_W,1.1344986749940904,sqrt(9/7),1.1338934190276817,0.0005337855888851631,0.053378558888516316,False,0.678932106789321,1.0
ratio_dimless,ckm_s12/ckm_s23,5.433376537841021,2e/1,5.43656365691809,0.0005862377925096018,0.05862377925096018,False,0.7957204279572043,1.0
koide_dimless,"Q(alpha_em, pmns_s12, pmns_s23)",0.4548121273242127,5/11,0.45454545454545453,0.0005866801132680233,0.058668011326802334,False,0.8543145685431457,1.0
ratio_mass,m_tau/m_c,1.3991023622047245,7/5,1.4,0.0006411698537681484,0.06411698537681484,False,0.7470252974702529,1.0
ratio_dimless,pmns_s23/sin2_theta_w,3.2640324376038925,6e/5,3.261938194150854,0.0006420242593173443,0.06420242593173443,False,0.828017198280172,1.0
koide_mass,"Q(m_mu, m_d, m_s)",0.41695915420762825,5/12,0.4166666666666667,0.000701970098307747,0.0701970098307747,False,1.0,1.0
sum_rule,"S(down_quarks; p=0.0, q=-0.5, r=0.5)",0.699483312218158,7/10,0.7,0.0007381254026314225,0.07381254026314225,True,0.9612038796120388,1.0
koide_mass,"Q(m_tau, m_u, M_Z)",0.778379235320852,7/9,0.7777777777777778,0.0007733025553810739,0.07733025553810739,False,1.0,1.0
koide_mass,"Q(m_d, m_t, M_H)",0.50038891165403,1/2,0.5,0.0007778233080599772,0.07778233080599772,False,1.0,1.0
koide_dimless,"Q(sin2_theta_w, ckm_s12, pmns_s23)",0.3639232342063319,4/11,0.36363636363636365,0.0007888940674126432,0.07888940674126432,False,0.9218078192180782,1.0
koide_mass,"Q(m_e, m_u, m_c)",0.8896854019509128,8/9,0.8888888888888888,0.0008960771947769952,0.08960771947769952,False,1.0,1.0
koide_mass,"Q(m_tau, m_t, M_H)",0.4549743634849964,5/11,0.45454545454545453,0.0009435996669921676,0.09435996669921676,False,1.0,1.0
koide_dimless,"Q(ckm_s23, ckm_s13, pmns_s23)",0.6243808290889487,5/8,0.625,0.0009906734576821564,0.09906734576821563,False,0.9588041195880412,1.0
sum_rule,"S(all_mass_scales; p=-1.0, q=-0.5, r=2.0)",0.3329836558961893,1/3,0.3333333333333333,0.0010490323114321076,0.10490323114321076,True,0.991000899910009,1.0
ratio_mass,M_H/M_Z,1.3735420166777061,11/8,1.375,0.0010603515071228031,0.10603515071228031,False,0.9012098790120988,1.0
koide_mass,"Q(m_mu, m_c, m_t)",0.8173109780726161,9/11,0.8181818181818182,0.0010643601334692713,0.10643601334692714,False,1.0,1.0
sum_rule,"S(up_quarks; p=-1.0, q=-0.5, r=2.0)",0.9176878755755196,11/12,0.9166666666666666,0.001114046082385018,0.11140460823850179,True,0.9929007099290071,1.0
koide_mass,"Q(m_c, m_b, M_W)",0.5826633639451134,7/12,0.5833333333333334,0.0011485189512341976,0.11485189512341976,False,1.0,1.0
koide_mass,"Q(m_d, m_c, M_Z)",0.8009255140828985,4/5,0.8,0.0011568926036230331,0.11568926036230331,False,1.0,1.0
koide_mass,"Q(m_tau, m_s, m_t)",0.7990618160496592,4/5,0.8,0.0011727299379260536,0.11727299379260536,False,1.0,1.0
koide_mass,"Q(m_u, m_s, m_c)",0.6242452312255001,5/8,0.625,0.0012076300391997918,0.12076300391997917,False,1.0,1.0
koide_mass,"Q(m_e, m_d, m_b)",0.9177754601969959,11/12,0.9166666666666666,0.001209592942177333,0.12095929421773328,False,1.0,1.0
ratio_mass,v/m_t,1.426783334299125,10/7,1.4285714285714286,0.0012516659906125494,0.12516659906125494,False,0.9365063493650635,1.0
koide_mass,"Q(m_e, m_mu, m_b)",0.7490115628493128,3/4,0.75,0.0013179162009162582,0.13179162009162582,False,1.0,1.0
koide_mass,"Q(m_tau, m_d, M_H)",0.8010582136513723,4/5,0.8,0.00132276706421533,0.132276706421533,False,1.0,1.0
koide_dimless,"Q(alpha_em, ckm_s23, ckm_s13)",0.42796236138915666,3/7,0.42857142857142855,0.0014211567586343936,0.14211567586343937,False,0.9881011898810119,1.0
ratio_dimless,ckm_s12/alpha_s,1.9121291364401498,sqrt(11/3),1.9148542155126762,0.0014231261317179647,0.14231261317179647,False,0.9828017198280172,1.0
koide_mass,"Q(m_e, M_W, M_Z)",0.49927885885114687,1/2,0.5,0.0014422822977062655,0.14422822977062655,False,1.0,1.0
ratio_dimless,pmns_s13/alpha_s,1.2584732066107838,2pi/5,1.2566370614359172,0.001461157904071697,0.1461157904071697,False,0.9847015298470153,1.0
koide_dimless,"Q(sin2_theta_w, ckm_s23, ckm_s13)",0.49925553970498016,1/2,0.5,0.0014889205900396885,0.14889205900396885,False,0.9908009199080092,1.0
koide_mass,"Q(m_b, m_t, v)",0.4437783786861849,4/9,0.4444444444444444,0.0014986479560838845,0.14986479560838845,False,1.0,1.0
koide_mass,"Q(m_s, m_c, m_t)",0.8194354241591855,9/11,0.8181818181818182,0.001532185083448841,0.1532185083448841,False,1.0,1.0
ratio_mass,m_b/m_tau,2.3524644597773596,3pi/4,2.356194490192345,0.0015830740758080255,0.15830740758080256,False,0.9689031096890312,1.0
koide_mass,"Q(m_c, M_Z, M_H)",0.45526920853270664,5/11,0.45454545454545453,0.0015922587719546355,0.15922587719546355,False,1.0,1.0
sum_rule,"S(all_quarks; p=0.5, q=-1.0, r=0.5)",0.6373801813361493,7/11,0.6363636363636364,0.0015974278139488612,0.15974278139488612,True,0.9995000499950005,1.0
ratio_mass,m_c/m_mu,12.019913305192224,12/1,12.0,0.0016594420993520191,0.16594420993520193,False,0.9733026697330267,1.0
koide_mass,"Q(m_s, m_t, M_Z)",0.4991453144912197,1/2,0.5,0.0017093710175606347,0.17093710175606347,False,1.0,1.0
koide_mass,"Q(m_d, m_b, M_Z)",0.7012476531755027,7/10,0.7,0.0017823616792897062,0.17823616792897062,False,1.0,1.0
koide_mass,"Q(m_u, M_Z, M_H)",0.5008926095766694,1/2,0.5,0.0017852191533387352,0.17852191533387352,False,1.0,1.0
sum_rule,"S(down_quarks; p=0.0, q=1.0, r=1.0)",0.7012507976727824,7/10,0.7,0.0017868538182606666,0.17868538182606666,True,0.9996000399960004,1.0
weinberg,sin^2(theta_W) / (3/13),1.0019533333333333,1,1.0,0.0019533333333332514,0.19533333333332514,False,0.0021997800219978004,1.0
koide_dimless,"Q(ckm_s13, pmns_s12, pmns_s13)",0.49899953802467306,1/2,0.5,0.0020009239506538767,0.20009239506538767,False,0.9986001399860014,1.0
ratio_mass,m_t/M_H,1.3778043912175648,11/8,1.375,0.0020395572491380483,0.20395572491380484,False,0.9901009899010099,1.0
koide_mass,"Q(m_b, M_W, M_Z)",0.4157919150964038,5/12,0.4166666666666667,0.0020994037686309585,0.20994037686309586,False,1.0,1.0
sum_rule,"S(down_quarks; p=-1.0, q=-0.5, r=2.0)",0.6652098709262311,2/3,0.6666666666666666,0.0021851936106533354,0.21851936106533354,True,0.9999000099990001,1.0
koide_mass,"Q(m_mu, m_tau, M_W)",0.7288903520283613,8/11,0.7272727272727273,0.002224234038996728,0.2224234038996728,False,1.0,1.0
koide_mass,"Q(m_u, m_d, m_b)",0.8979498988315493,9/10,0.9,0.0022778901871674715,0.22778901871674714,False,1.0,1.0
ratio_mass,m_mu/m_s,1.1312419700214134,sqrt(9/7),1.1338934190276817,0.0023383582281851284,0.23383582281851284,False,0.9952004799520048,1.0
koide_mass,"Q(m_e, m_c, M_W)",0.7980357141068714,4/5,0.8,0.002455357366410865,0.24553573664108652,False,1.0,1.0
koide_mass,"Q(m_mu, m_d, M_W)",0.9189576713663175,11/12,0.9166666666666666,0.002499277854164534,0.2499277854164534,False,1.0,1.0
sum_rule,"S(down_quarks; p=1.0, q=-0.5, r=0.5)",0.9974795245003782,1/1,1.0,0.002520475499621755,0.2520475499621755,True,0.9999000099990001,1.0
koide_mass,"Q(m_u, m_t, M_H)",0.5012826885888619,1/2,0.5,0.002565377177723871,0.2565377177723871,False,1.0,1.0
koide_mass,"Q(m_mu, m_s, m_t)",0.9115305964762844,10/11,0.9090909090909091,0.0026836561239129034,0.2683656123912903,False,1.0,1.0
koide_mass,"Q(m_mu, m_s, M_H)",0.8975782145461584,9/10,0.9,0.0026908727264907117,0.2690872726490712,False,1.0,1.0
koide_mass,"Q(m_e, m_c, v)",0.8726207495743974,7/8,0.875,0.002719143343545838,0.2719143343545838,False,1.0,1.0
koide_dimless,"Q(alpha_s, ckm_s23, ckm_s13)",0.4431877002693228,4/9,0.4444444444444444,0.0028276743940236354,0.28276743940236354,False,0.9995000499950005,1.0
koide_dimless,"Q(sin2_theta_w, ckm_s13, pmns_s23)",0.4985120376001967,1/2,0.5,0.002975924799606622,0.2975924799606622,False,0.9997000299970003,1.0
koide_dimless,"Q(alpha_em, alpha_s, ckm_s12)",0.4272856490972274,3/7,0.42857142857142855,0.0030001521064693857,0.3000152106469386,False,0.9997000299970003,1.0
koide_mass,"Q(m_e, m_d, m_s)",0.6268770434126139,5/8,0.625,0.0030032694601821674,0.30032694601821674,False,1.0,1.0
koide_mass,"Q(m_e, m_d, m_c)",0.8597237953001772,6/7,0.8571428571428571,0.003011094516873425,0.3011094516873425,False,1.0,1.0
koide_dimless,"Q(alpha_s, ckm_s23, pmns_s23)",0.45594431171935734,5/11,0.45454545454545453,0.003077485782586187,0.3077485782586187,False,0.9997000299970003,1.0
koide_mass,"Q(m_d, m_t, v)",0.5015518955990806,1/2,0.5,0.0031037911981612876,0.31037911981612876,False,1.0,1.0
koide_dimless,"Q(ckm_s23, pmns_s12, pmns_s13)",0.4179661471862295,5/12,0.4166666666666667,0.0031187532469507226,0.3118753246950723,False,0.9997000299970003,1.0
koide_mass,"Q(m_e, m_c, M_H)",0.8307222064071168,5/6,0.8333333333333334,0.0031333523114598803,0.31333523114598805,False,1.0,1.0
ratio_dimless,pmns_s23/pmns_s12,1.3706381045403389,11/8,1.375,0.003172287607026289,0.3172287607026289,False,1.0,1.0
koide_mass,"Q(m_tau, m_d, M_Z)",0.7752953669296745,7/9,0.7777777777777778,0.0031916710904185287,0.31916710904185286,False,1.0,1.0
koide_dimless,"Q(alpha_s, ckm_s23, pmns_s12)",0.4271896242998814,3/7,0.42857142857142855,0.003224209966943374,0.3224209966943374,False,0.9998000199980002,1.0
sum_rule,"S(up_quarks; p=0.5, q=-1.0, r=0.5)",0.6645001022370239,2/3,0.6666666666666666,0.0032498466444640384,0.32498466444640384,True,1.0,1.0
koide_mass,"Q(m_mu, m_u, m_d)",0.5813925045521614,7/12,0.5833333333333334,0.003327135053437656,0.3327135053437656,False,1.0,1.0
koide_mass,"Q(m_mu, m_t, M_Z)",0.4983255926420356,1/2,0.5,0.0033488147159288495,0.33488147159288495,False,1.0,1.0
koide_dimless,"Q(pmns_s12, pmns_s23, pmns_s13)",0.36486632902273025,4/11,0.36363636363636365,0.0033824048125081635,0.33824048125081635,False,0.9998000199980002,1.0
koide_mass,"Q(m_tau, m_b, M_Z)",0.5813554796687888,7/12,0.5833333333333334,0.0033906062820764833,0.3390606282076483,False,1.0,1.0
sum_rule,"S(charged_fermions; p=2.0, q=1.0, r=2.0)",0.9198021045465706,11/12,0.9166666666666666,0.003420477687168002,0.3420477687168002,True,1.0,1.0
ratio_dimless,pmns_s23/ckm_s12,3.3448807291856126,10/3,3.3333333333333335,0.0034642187556837454,0.34642187556837456,False,1.0,1.0
koide_mass,"Q(m_tau, m_s, m_b)",0.4460105273127863,4/9,0.4444444444444444,0.003523686453769201,0.3523686453769201,False,1.0,1.0
ratio_dimless,alpha_em/ckm_s13,2.2278563040598587,sqrt(5/1),2.23606797749979,0.003672372004143105,0.36723720041431046,False,1.0,1.0
ratio_dimless,pmns_s12/ckm_s12,2.4403821242860904,sqrt(6/1),2.449489742783178,0.0037181696816330385,0.37181696816330384,False,1.0,1.0
koide_mass,"Q(m_mu, m_tau, m_t)",0.797019643392506,4/5,0.8,0.0037254457593675905,0.37254457593675905,False,1.0,1.0
koide_mass,"Q(m_e, m_mu, m_u)",0.6973674315781547,7/10,0.7,0.0037608120312074677,0.3760812031207468,False,1.0,1.0
koide_mass,"Q(m_e, m_tau, m_t)",0.8301330264322756,5/6,0.8333333333333334,0.003840368281269324,0.3840368281269324,False,1.0,1.0
koide_mass,"Q(m_mu, M_H, v)",0.5019438720467523,1/2,0.5,0.0038877440935045637,0.3887744093504564,False,1.0,1.0
ratio_mass,m_t/M_Z,1.8924722221003731,3pi/5,1.8849555921538759,0.003987696037925362,0.39876960379253623,False,1.0,1.0
koide_mass,"Q(m_u, M_W, M_Z)",0.49800026971163025,1/2,0.5,0.0039994605767395,0.39994605767395,False,1.0,1.0
koide_mass,"Q(m_c, m_b, m_t)",0.6693686715795146,2/3,0.6666666666666666,0.004053007369271999,0.4053007369271999,False,1.0,1.0
koide_mass,"Q(m_e, M_Z, M_H)",0.5020411461057094,1/2,0.5,0.004082292211418759,0.4082292211418759,False,1.0,1.0
sum_rule,"S(charged_leptons; p=0.5, q=1.0, r=1.0)",0.8925221944998702,8/9,0.8888888888888888,0.004087468812354084,0.40874688123540837,True,1.0,1.0
koide_mass,"Q(m_tau, m_d, m_b)",0.5020762728058498,1/2,0.5,0.004152545611699532,0.4152545611699532,False,1.0,1.0
sum_rule,"S(ew_scales; p=0.0, q=-1.0, r=-0.5)",0.7531609528171959,3/4,0.75,0.004214603756261148,0.4214603756261148,True,1.0,1.0
koide_mass,"Q(m_e, m_tau, m_u)",0.9052447907168969,10/11,0.9090909090909091,0.004230730211413381,0.4230730211413381,False,1.0,1.0
koide_mass,"Q(m_tau, m_c, M_W)",0.6390848984464104,7/11,0.6363636363636364,0.004276268987216305,0.4276268987216305,False,1.0,1.0
sum_rule,"S(charged_leptons; p=1.0, q=0.0, r=1.0)",0.627676333,5/8,0.625,0.004282132800000049,0.4282132800000049,True,1.0,1.0
koide_mass,"Q(m_e, m_tau, v)",0.8533977522078909,6/7,0.8571428571428571,0.004369289090793853,0.43692890907938525,False,1.0,1.0
koide_dimless,"Q(ckm_s12, ckm_s23, pmns_s23)",0.4266949392736933,3/7,0.42857142857142855,0.004378475028048945,0.4378475028048945,False,1.0,1.0
koide_mass,"Q(m_c, m_b, M_H)",0.6335597082521134,7/11,0.6363636363636364,0.004406172746678951,0.44061727466789513,False,1.0,1.0
koide_mass,"Q(m_mu, m_c, M_W)",0.7533386290438386,3/4,0.75,0.004451505391784849,0.4451505391784849,False,1.0,1.0
koide_mass,"Q(m_e, m_tau, m_d)",0.8788996851900289,7/8,0.875,0.00445678307431877,0.445678307431877,False,1.0,1.0
koide_mass,"Q(m_e, m_t, M_H)",0.5022631840686391,1/2,0.5,0.004526368137278247,0.4526368137278247,False,1.0,1.0
sum_rule,"S(down_quarks; p=0.0, q=2.0, r=0.5)",0.7175238025301451,5/7,0.7142857142857143,0.004533323542203171,0.4533323542203171,True,1.0,1.0
koide_mass,"Q(m_u, m_t, v)",0.5023086481731515,1/2,0.5,0.004617296346302924,0.4617296346302924,False,1.0,1.0
ratio_dimless,alpha_s/ckm_s23,2.841532213643504,sqrt(8/1),2.8284271247461903,0.004633348613671588,0.46333486136715885,False,1.0,1.0
koide_mass,"Q(m_c, m_b, M_Z)",0.5972089897685403,3/5,0.6,0.004651683719099446,0.4651683719099446,False,1.0,1.0
koide_mass,"Q(m_mu, m_d, m_c)",0.5971810739824536,3/5,0.6,0.004698210029244014,0.4698210029244014,False,1.0,1.0
koide_dimless,"Q(ckm_s12, ckm_s13, pmns_s13)",0.44656648118362646,4/9,0.4444444444444444,0.004774582663159596,0.4774582663159596,False,1.0,1.0
koide_mass,"Q(m_tau, m_u, M_H)",0.8038309183598187,4/5,0.8,0.004788647949773295,0.4788647949773295,False,1.0,1.0
koide_mass,"Q(m_c, M_W, M_H)",0.4567270059537468,5/11,0.45454545454545453,0.004799413098243044,0.4799413098243044,False,1.0,1.0
sum_rule,"S(ew_bosons; p=-0.5, q=-0.5, r=0.5)",0.5528244715633457,5/9,0.5555555555555556,0.004915951185977807,0.4915951185977807,True,1.0,1.0
ratio_dimless,ckm_s12/ckm_s13,64.31713525399378,2^6,64.0,0.004955238343652857,0.4955238343652857,False,1.0,1.0
koide_mass,"Q(m_mu, m_tau, m_d)",0.6332041313708484,7/11,0.6363636363636364,0.004964936417238196,0.4964936417238196,False,1.0,1.0
koide_mass,"Q(m_mu, m_tau, m_b)",0.44223429234797407,4/9,0.4444444444444444,0.004972842217058293,0.4972842217058293,False,1.0,1.0
koide_dimless,"Q(sin2_theta_w, pmns_s23, pmns_s13)",0.3768802269373437,3/8,0.375,0.005013938499583166,0.5013938499583166,False,1.0,1.0
sum_rule,"S(down_quarks; p=-0.5, q=1.0, r=2.0)",1.0050600736401527,1/1,1.0,0.005060073640152707,0.5060073640152707,True,1.0,1.0
ratio_dimless,sin2_theta_w/pmns_s13,1.557038731639643,sqrt(12/5),1.5491933384829668,0.00506417950670943,0.506417950670943,False,1.0,1.0
koide_mass,"Q(m_e, m_tau, M_Z)",0.7817768244058649,7/9,0.7777777777777778,0.005141631378969185,0.5141631378969185,False,1.0,1.0
koide_mass,"Q(m_u, m_c, M_Z)",0.8041729086764757,4/5,0.8,0.005216135845594605,0.5216135845594605,False,1.0,1.0
koide_dimless,"Q(sin2_theta_w, ckm_s12, ckm_s13)",0.4467746489172668,4/9,0.4444444444444444,0.005242960063850388,0.5242960063850388,False,1.0,1.0
sum_rule,"S(charged_leptons; p=2.0, q=1.0, r=2.0)",0.8935633516277985,8/9,0.8888888888888888,0.005258770581273414,0.5258770581273414,True,1.0,1.0
koide_mass,"Q(m_s, M_H, v)",0.5026452089073228,1/2,0.5,0.005290417814645565,0.5290417814645565,False,1.0,1.0
ratio_dimless,ckm_s12/pmns_s13,1.5194039304100388,sqrt(7/3),1.5275252316519468,0.005316639668940265,0.5316639668940265,False,1.0,1.0
koide_mass,"Q(m_d, M_W, M_H)",0.5026960401187794,1/2,0.5,0.005392080237558883,0.5392080237558883,False,1.0,1.0
sum_rule,"S(charged_leptons; p=2.0, q=-0.5, r=0.5)",0.457013543651741,5/11,0.45454545454545453,0.00542979603383027,0.542979603383027,True,1.0,1.0
koide_mass,"Q(m_d, m_b, M_H)",0.7312448986483594,8/11,0.7272727272727273,0.005461735641494145,0.5461735641494145,False,1.0,1.0
koide_mass,"Q(m_e, m_mu, m_c)",0.6328838400930025,7/11,0.6363636363636364,0.005468251282424674,0.5468251282424674,False,1.0,1.0
koide_mass,"Q(m_u, m_b, M_Z)",0.7038656449282641,7/10,0.7,0.005522349897520191,0.5522349897520191,False,1.0,1.0
koide_mass,"Q(m_u, m_c, v)",0.8701580754348078,7/8,0.875,0.0055336280745053356,0.5533628074505336,False,1.0,1.0
koide_dimless,"Q(alpha_em, ckm_s23, pmns_s13)",0.430967263381976,3/7,0.42857142857142855,0.005590281224610713,0.5590281224610713,False,1.0,1.0
koide_dimless,"Q(alpha_em, ckm_s23, pmns_s23)",0.596587411887124,3/5,0.6,0.005687646854793209,0.5687646854793209,False,1.0,1.0
sum_rule,"S(up_quarks; p=0.0, q=-0.5, r=0.5)",0.6327360522220482,7/11,0.6363636363636364,0.005700489365352803,0.5700489365352803,True,1.0,1.0
koide_mass,"Q(m_d, m_s, m_b)",0.731427651432937,8/11,0.7272727272727273,0.005713020720288314,0.5713020720288314,False,1.0,1.0
koide_dimless,"Q(alpha_em, sin2_theta_w, ckm_s12)",0.42610801146045446,3/7,0.42857142857142855,0.005747973258939536,0.5747973258939536,False,1.0,1.0
koide_mass,"Q(m_tau, m_s, M_W)",0.7314558476767966,8/11,0.7272727272727273,0.0057517905555953125,0.5751790555595313,False,1.0,1.0
ratio_mass,m_d/m_u,2.1620370370370368,4e/5,2.1746254627672363,0.005788778778567535,0.5788778778567535,False,1.0,1.0
ratio_mass,M_H/M_W,1.5582815979695686,sqrt(12/5),1.5491933384829668,0.005866446272936689,0.5866446272936688,False,1.0,1.0
koide_dimless,"Q(alpha_em, ckm_s13, pmns_s12)",0.7099586879277617,5/7,0.7142857142857143,0.006057836901133595,0.6057836901133595,False,1.0,1.0
koide_dimless,"Q(alpha_s, sin2_theta_w, ckm_s13)",0.45178790913674494,5/11,0.45454545454545453,0.006066599899161107,0.6066599899161107,False,1.0,1.0
mixing_koide_sin2,CKM sin^2 triple,0.7186199012084044,5/7,0.7142857142857143,0.006067861691766074,0.6067861691766074,False,0.5876412358764124,1.0
koide_dimless,"Q(ckm_s12, ckm_s23, ckm_s13)",0.4969366123576758,1/2,0.5,0.006126775284648445,0.6126775284648445,False,1.0,1.0
koide_dimless,"Q(alpha_em, alpha_s, ckm_s23)",0.4140987351100505,5/12,0.4166666666666667,0.006163035735878796,0.6163035735878796,False,1.0,1.0
koide_dimless,"Q(alpha_s, pmns_s12, pmns_s23)",0.37267291382777645,3/8,0.375,0.006205563125929459,0.6205563125929459,False,1.0,1.0
sum_rule,"S(charged_fermions; p=0.0, q=1.0, r=0.5)",0.6708143205463135,2/3,0.6666666666666666,0.006221480819470326,0.6221480819470326,True,1.0,1.0
koide_mass,"Q(m_mu, m_t, M_W)",0.503118134704582,1/2,0.5,0.006236269409163997,0.6236269409163997,False,1.0,1.0
koide_mass,"Q(m_mu, m_b, M_H)",0.7043708989683949,7/10,0.7,0.006244141383421331,0.6244141383421331,False,1.0,1.0
koide_mass,"Q(m_e, m_c, m_t)",0.8517679554400932,6/7,0.8571428571428571,0.0062707186532245385,0.6270718653224538,False,1.0,1.0
koide_mass,"Q(m_e, m_t, v)",0.5031382149470381,1/2,0.5,0.006276429894076285,0.6276429894076285,False,1.0,1.0
koide_mass,"Q(m_d, M_W, M_Z)",0.4968364950045819,1/2,0.5,0.006327009990836241,0.6327009990836241,False,1.0,1.0
koide_mass,"Q(m_u, m_d, m_c)",0.8280576393252844,5/6,0.8333333333333334,0.006330832809658737,0.6330832809658737,False,1.0,1.0
koide_dimless,"Q(alpha_s, ckm_s13, pmns_s23)",0.5419914403377378,6/11,0.5454545454545454,0.006349026047480574,0.6349026047480574,False,1.0,1.0
koide_dimless,"Q(sin2_theta_w, ckm_s23, pmns_s23)",0.4258049890897578,3/7,0.42857142857142855,0.006455025457231793,0.6455025457231793,False,1.0,1.0
koide_mass,"Q(m_e, m_mu, m_d)",0.6405007001935134,7/11,0.6363636363636364,0.006501100304092424,0.6501100304092424,False,1.0,1.0
koide_mass,"Q(m_d, m_s, M_W)",0.9226461306484043,11/12,0.9166666666666666,0.006523051616441077,0.6523051616441077,False,1.0,1.0
angle_mass,PMNS s13 / sqrt(m_s/m_b),0.9934378069020607,1,1.0,0.006562193097939262,0.6562193097939262,False,0.1040895910408959,1.0
sum_rule,"S(charged_leptons; p=-1.0, q=-0.5, r=2.0)",0.8514485047057139,6/7,0.8571428571428571,0.006643411176667095,0.6643411176667096,True,1.0,1.0
ratio_mass,v/M_Z,2.7001478271168446,1e/1,2.718281828459045,0.006671126279970885,0.6671126279970885,False,1.0,1.0
koide_mass,"Q(m_b, M_W, M_H)",0.42565872269569327,3/7,0.42857142857142855,0.006796313710048981,0.6796313710048981,False,1.0,1.0
koide_dimless,"Q(sin2_theta_w, ckm_s13, pmns_s13)",0.4474671613508988,4/9,0.4444444444444444,0.006801113039522383,0.6801113039522383,False,1.0,1.0
sum_rule,"S(all_mass_scales; p=0.5, q=0.0, r=2.0)",0.37755364337644093,3/8,0.375,0.006809715670509142,0.6809715670509142,True,1.0,1.0
koide_dimless,"Q(ckm_s12, pmns_s23, pmns_s13)",0.37756404725931375,3/8,0.375,0.006837459358170002,0.6837459358170002,False,1.0,1.0
koide_mass,"Q(m_s, m_c, M_H)",0.79447598999566,4/5,0.8,0.0069050125054249956,0.6905012505424996,False,1.0,1.0
angle_mass,CKM s23 / sqrt(m_u/m_c),1.0069418898115126,1,1.0,0.006941889811512558,0.6941889811512558,False,0.10998900109989002,1.0
koide_mass,"Q(m_u, m_c, M_H)",0.8275286680689536,5/6,0.8333333333333334,0.006965598317255672,0.6965598317255672,False,1.0,1.0
koide_mass,"Q(m_tau, m_u, m_t)",0.8274129197118681,5/6,0.8333333333333334,0.007104496345758271,0.7104496345758271,False,1.0,1.0
koide_mass,"Q(m_tau, m_s, M_H)",0.7722421065803285,7/9,0.7777777777777778,0.007117291539577598,0.7117291539577598,False,1.0,1.0
koide_mass,"Q(m_u, m_c, M_W)",0.794298410644308,4/5,0.8,0.007126986694615117,0.7126986694615117,False,1.0,1.0
koide_dimless,"Q(alpha_s, pmns_s12, pmns_s13)",0.3776738399577636,3/8,0.375,0.007130239887369605,0.7130239887369605,False,1.0,1.0
koide_mass,"Q(m_tau, m_u, v)",0.8510184348914475,6/7,0.8571428571428571,0.00714515929331124,0.714515929331124,False,1.0,1.0
koide_mass,"Q(m_mu, m_u, M_W)",0.923237271460375,11/12,0.9166666666666666,0.007167932502227359,0.7167932502227359,False,1.0,1.0
koide_mass,"Q(m_tau, m_u, m_d)",0.8509437262077636,6/7,0.8571428571428571,0.00723231942427575,0.723231942427575,False,1.0,1.0
sum_rule,"S(charged_fermions; p=-1.0, q=-0.5, r=2.0)",0.33575054376415686,1/3,0.3333333333333333,0.007251631292470639,0.7251631292470639,True,1.0,1.0
koide_mass,"Q(m_tau, m_c, m_t)",0.7219559215956384,8/11,0.7272727272727273,0.007310607805997266,0.7310607805997266,False,1.0,1.0
sum_rule,"S(up_quarks; p=1.0, q=2.0, r=0.5)",1.0073445706179887,1/1,1.0,0.007344570617988655,0.7344570617988655,True,1.0,1.0
koide_mass,"Q(m_mu, m_tau, v)",0.8242525684435565,9/11,0.8181818181818182,0.007419805875457936,0.7419805875457935,False,1.0,1.0
koide_mass,"Q(m_mu, m_d, m_b)",0.7218736963927364,8/11,0.7272727272727273,0.007423667459987543,0.7423667459987543,False,1.0,1.0
koide_mass,"Q(m_u, m_s, m_b)",0.7443955913187748,3/4,0.75,0.007472544908300331,0.7472544908300331,False,1.0,1.0
koide_mass,"Q(m_e, m_b, v)",0.7940031212879007,4/5,0.8,0.007496098390124134,0.7496098390124134,False,1.0,1.0
koide_mass,"Q(m_mu, m_d, M_Z)",0.9235497279839843,11/12,0.9166666666666666,0.007508794164346517,0.7508794164346517,False,1.0,1.0
koide_mass,"Q(m_e, m_b, M_W)",0.6947197678823464,7/10,0.7,0.00754318873950515,0.754318873950515,False,1.0,1.0
koide_mass,"Q(m_u, M_W, M_H)",0.503778393930187,1/2,0.5,0.007556787860373948,0.7556787860373948,False,1.0,1.0
ratio_mass,m_b/m_c,3.2913385826771653,sqrt(11/1),3.3166247903554,0.007624078476337064,0.7624078476337064,False,1.0,1.0
sum_rule,"S(down_quarks; p=0.5, q=0.5, r=2.0)",0.4134868897588237,5/12,0.4166666666666667,0.007631464578823177,0.7631464578823177,True,1.0,1.0
koide_mass,"Q(m_tau, M_Z, M_H)",0.44784973785359505,4/9,0.4444444444444444,0.007661910170588926,0.7661910170588926,False,1.0,1.0
koide_mass,"Q(m_u, m_d, m_s)",0.5670428024352766,4/7,0.5714285714285714,0.007675095738265886,0.7675095738265886,False,1.0,1.0
sum_rule,"S(down_quarks; p=0.5, q=0.0, r=1.0)",0.8061521213592965,4/5,0.8,0.007690151699120545,0.7690151699120545,True,1.0,1.0
koide_dimless,"Q(alpha_em, sin2_theta_w, pmns_s13)",0.4252596147400005,3/7,0.42857142857142855,0.007727565606665414,0.7727565606665414,False,1.0,1.0
koide_mass,"Q(m_b, m_t, M_W)",0.44100375638153644,4/9,0.4444444444444444,0.007741548141542959,0.7741548141542959,False,1.0,1.0
ratio_dimless,pmns_s12/sin2_theta_w,2.3813962466033494,12/5,2.4,0.007751563915271062,0.7751563915271061,False,1.0,1.0
koide_mass,"Q(m_mu, m_s, M_Z)",0.8818547769961689,7/8,0.875,0.00783403085276443,0.7834030852764431,False,1.0,1.0
koide_mass,"Q(m_d, m_c, M_H)",0.824626574788913,9/11,0.8181818181818182,0.007876924742004705,0.7876924742004705,False,1.0,1.0
koide_mass,"Q(m_s, m_t, M_W)",0.5039669243160665,1/2,0.5,0.007933848632132978,0.7933848632132978,False,1.0,1.0
koide_mass,"Q(m_c, M_W, M_Z)",0.4480041761513566,4/9,0.4444444444444444,0.008009396340552463,0.8009396340552464,False,1.0,1.0
ratio_dimless,pmns_s13/alpha_em,19.000554320730274,6pi/1,18.84955592153876,0.008010713876764284,0.8010713876764284,False,1.0,1.0
koide_mass,"Q(m_s, m_c, M_W)",0.7560442966283204,3/4,0.75,0.008059062171093867,0.8059062171093867,False,1.0,1.0
koide_mass,"Q(m_d, m_c, v)",0.8679153119614741,7/8,0.875,0.008096786329743897,0.8096786329743897,False,1.0,1.0
koide_mass,"Q(m_mu, m_b, M_Z)",0.6720761237786679,2/3,0.6666666666666666,0.008114185668001872,0.8114185668001872,False,1.0,1.0
koide_mass,"Q(m_tau, m_d, m_t)",0.8249381989250119,9/11,0.8181818181818182,0.00825779868612554,0.825779868612554,False,1.0,1.0
koide_mass,"Q(m_tau, m_b, M_W)",0.5666992616636664,4/7,0.5714285714285714,0.008276292088583825,0.8276292088583825,False,1.0,1.0
sum_rule,"S(ew_bosons; p=-1.0, q=-0.5, r=2.0)",0.3360990263592984,1/3,0.3333333333333333,0.00829707907789523,0.8297079077895231,True,1.0,1.0
koide_mass,"Q(m_s, m_b, M_W)",0.6611287480005179,2/3,0.6666666666666666,0.008306877999223083,0.8306877999223083,False,1.0,1.0
sum_rule,"S(charged_leptons; p=0.5, q=0.5, r=2.0)",0.5950095922542675,3/5,0.6,0.008317346242887418,0.8317346242887418,True,1.0,1.0
sum_rule,"S(charged_leptons; p=0.5, q=0.0, r=1.0)",0.5602150581647914,5/9,0.5555555555555556,0.008387104696624558,0.8387104696624558,True,1.0,1.0
koide_mass,"Q(m_e, m_tau, M_W)",0.7712481705455299,7/9,0.7777777777777778,0.008395209298604489,0.8395209298604489,False,1.0,1.0
sum_rule,"S(down_quarks; p=0.5, q=2.0, r=0.5)",0.5784333355354655,7/12,0.5833333333333334,0.008399996224916351,0.8399996224916351,True,1.0,1.0
koide_mass,"Q(m_b, M_Z, M_H)",0.42494523741472495,3/7,0.42857142857142855,0.008461112698975056,0.8461112698975056,False,1.0,1.0
sum_rule,"S(ew_bosons; p=-1.0, q=1.0, r=-0.5)",0.5408276936471716,6/11,0.5454545454545454,0.008482561646851905,0.8482561646851905,True,1.0,1.0
koide_dimless,"Q(alpha_s, sin2_theta_w, pmns_s12)",0.3667408639488917,4/11,0.36363636363636365,0.00853737585945219,0.853737585945219,False,1.0,1.0
sum_rule,"S(ew_scales; p=-1.0, q=1.0, r=-0.5)",0.8261698857607507,5/6,0.8333333333333334,0.00859613708709923,0.859613708709923,True,1.0,1.0
koide_mass,"Q(m_e, m_tau, M_H)",0.8068818835218039,4/5,0.8,0.00860235440225482,0.8602354402254819,False,1.0,1.0
sum_rule,"S(up_quarks; p=0.0, q=0.5, r=0.5)",0.7930513449808049,4/5,0.8,0.008685818773993964,0.8685818773993964,True,1.0,1.0
koide_mass,"Q(m_tau, m_s, M_Z)",0.743467310673959,3/4,0.75,0.008710252434721344,0.8710252434721344,False,1.0,1.0
koide_mass,"Q(m_tau, m_s, v)",0.826061686706705,5/6,0.8333333333333334,0.008725975951954056,0.8725975951954056,False,1.0,1.0
koide_mass,"Q(m_s, m_c, m_b)",0.45851274796712754,5/11,0.45454545454545453,0.008728045527680629,0.8728045527680629,False,1.0,1.0
koide_mass,"Q(m_e, m_u, v)",0.9912635970066503,1/1,1.0,0.008736402993349657,0.8736402993349657,False,1.0,1.0
koide_dimless,"Q(alpha_s, ckm_s12, ckm_s13)",0.4505728598606944,5/11,0.45454545454545453,0.008739708306472294,0.8739708306472295,False,1.0,1.0
koide_mass,"Q(m_u, m_b, M_H)",0.7336397577907708,8/11,0.7272727272727273,0.008754666962309879,0.8754666962309878,False,1.0,1.0
koide_mass,"Q(m_tau, m_c, v)",0.7565673570557019,3/4,0.75,0.008756476074269178,0.8756476074269178,False,1.0,1.0
koide_mass,"Q(m_s, m_b, M_H)",0.7063275044402781,7/10,0.7,0.009039292057540267,0.9039292057540267,False,1.0,1.0
koide_mass,"Q(m_mu, m_s, v)",0.9249625510673546,11/12,0.9166666666666666,0.00905005570984141,0.9050055709841409,False,1.0,1.0
angle_mass,CKM s12 / sqrt(m_d/m_s),1.0090535724778023,1,1.0,0.009053572477802252,0.9053572477802252,False,0.14358564143585642,1.0
koide_mass,"Q(M_W, M_Z, M_H)",0.3363529582112833,1/3,0.3333333333333333,0.009058874633849967,0.9058874633849967,False,1.0,1.0
sum_rule,"S(ew_bosons; p=0.0, q=0.5, r=0.5)",0.550425762509174,6/11,0.5454545454545454,0.009113897933485679,0.9113897933485678,True,1.0,1.0
ratio_mass,m_u/m_e,4.227014142884819,4pi/3,4.1887902047863905,0.009125293039205305,0.9125293039205306,False,1.0,1.0
ratio_mass,m_tau/m_s,19.024197002141328,6pi/1,18.84955592153876,0.00926499708160301,0.9264997081603009,False,1.0,1.0
koide_mass,"Q(m_tau, m_b, v)",0.6935124708514535,7/10,0.7,0.009267898783637778,0.9267898783637778,False,1.0,1.0
koide_dimless,"Q(ckm_s12, ckm_s23, pmns_s13)",0.3670579582372156,4/11,0.36363636363636365,0.009409385152342867,0.9409385152342866,False,1.0,1.0
koide_mass,"Q(m_b, M_Z, v)",0.4588283515995263,5/11,0.45454545454545453,0.00942237351895786,0.9422373518957861,False,1.0,1.0
sum_rule,"S(charged_leptons; p=1.0, q=2.0, r=1.0)",0.5943163023190519,3/5,0.6,0.009472829468246865,0.9472829468246865,True,1.0,1.0
koide_dimless,"Q(sin2_theta_w, ckm_s12, pmns_s13)",0.33651884301482415,1/3,0.3333333333333333,0.009556529044472517,0.9556529044472517,False,1.0,1.0
koide_mass,"Q(m_u, m_c, m_t)",0.8489367114385876,6/7,0.8571428571428571,0.009573836654981054,0.9573836654981054,False,1.0,1.0
koide_dimless,"Q(ckm_s12, pmns_s12, pmns_s13)",0.36014970702017224,4/11,0.36363636363636365,0.009588305694526372,0.9588305694526372,False,1.0,1.0
koide_mass,"Q(m_e, m_b, M_Z)",0.7067491579454349,7/10,0.7,0.009641654207764227,0.9641654207764228,False,1.0,1.0
koide_dimless,"Q(alpha_em, ckm_s23, pmns_s12)",0.560912556419077,5/9,0.5555555555555556,0.009642601554338558,0.9642601554338558,False,1.0,1.0
koide_mass,"Q(m_tau, m_d, v)",0.848851512786574,6/7,0.8571428571428571,0.009673235082330275,0.9673235082330275,False,1.0,1.0
koide_mass,"Q(m_e, m_c, M_Z)",0.8077509598530808,4/5,0.8,0.009688699816350899,0.9688699816350899,False,1.0,1.0
sum_rule,"S(charged_leptons; p=0.0, q=-0.5, r=0.5)",0.43272397745930186,3/7,0.42857142857142855,0.009689280738371053,0.9689280738371053,True,1.0,1.0
koide_mass,"Q(m_c, m_b, v)",0.707321708415151,5/7,0.7142857142857143,0.009749608218788675,0.9749608218788675,False,1.0,1.0
ratio_dimless,pmns_s12/alpha_s,4.66632576389514,3pi/2,4.71238898038469,0.009774918132031987,0.9774918132031987,False,1.0,1.0
koide_dimless,"Q(alpha_s, ckm_s12, pmns_s12)",0.36719924496125544,4/11,0.36363636363636365,0.009797923643452444,0.9797923643452444,False,1.0,1.0
koide_mass,"Q(m_mu, m_c, M_H)",0.792111881675011,4/5,0.8,0.009860147906236294,0.9860147906236294,False,1.0,1.0
koide_mass,"Q(m_tau, M_W, M_Z)",0.4400372778579573,4/9,0.4444444444444444,0.009916124819595973,0.9916124819595973,False,1.0,1.0
koide_mass,"Q(m_e, M_W, M_H)",0.5049669008140597,1/2,0.5,0.00993380162811941,0.993380162811941,False,1.0,1.0
koide_dimless,"Q(alpha_em, ckm_s12, pmns_s13)",0.42430852281205406,3/7,0.42857142857142855,0.009946780105207147,0.9946780105207147,False,1.0,1.0
